id,legId,flightTimeHours,flightTimeMinutes,totalTimeHours,totalTimeMinutes,daysInBetween,flightStops,stops,origin,destination,departureDate,arrivalDate,distanceValue,distanceUnits,isSelectable,hasTechnicalStop,travel_preference_id,match_preferences
1,15/LAX-DFW/NK3710,3,8,3,8,1,0,0,LAX,DFW,2024-10-16 11:52:00,2024-10-16 14:52:00,1231,MI,1,0,,True
1,15/LAX-DFW/NK3710,3,8,3,8,1,0,0,LAX,DFW,2024-10-17 11:52:00,2024-10-17 14:52:00,1231,MI,1,0,,True
1,15/LAX-DFW/NK3710,3,8,3,8,1,0,0,LAX,DFW,2024-10-18 11:52:00,2024-10-18 14:52:00,1231,MI,1,0,,True
1,15/LAX-DFW/NK3710,3,8,3,8,1,0,0,LAX,DFW,2024-10-19 11:52:00,2024-10-19 14:52:00,1231,MI,1,0,,True
1,15/LAX-DFW/NK3710,3,8,3,8,1,0,0,LAX,DFW,2024-10-20 11:52:00,2024-10-20 14:52:00,1231,MI,1,0,,True
1,15/LAX-DFW/NK3710,3,8,3,8,1,0,0,LAX,DFW,2024-10-21 11:52:00,2024-10-21 14:52:00,1231,MI,1,0,,True
1,15/LAX-DFW/NK3710,3,8,3,8,1,0,0,LAX,DFW,2024-10-22 11:52:00,2024-10-22 14:52:00,1231,MI,1,0,,True
1,15/LAX-DFW/NK3710,3,8,3,8,1,0,0,LAX,DFW,2024-10-23 11:52:00,2024-10-23 14:52:00,1231,MI,1,0,,True
1,15/LAX-DFW/NK3710,3,8,3,8,1,0,0,LAX,DFW,2024-10-24 11:52:00,2024-10-24 14:52:00,1231,MI,1,0,,True
1,15/LAX-DFW/NK3710,3,8,3,8,1,0,0,LAX,DFW,2024-10-25 11:52:00,2024-10-25 14:52:00,1231,MI,1,0,,True
1,15/LAX-DFW/NK3710,3,8,3,8,1,0,0,LAX,DFW,2024-10-26 11:52:00,2024-10-26 14:52:00,1231,MI,1,0,,True
1,15/LAX-DFW/NK3710,3,8,3,8,1,0,0,LAX,DFW,2024-10-27 11:52:00,2024-10-27 14:52:00,1231,MI,1,0,,True
1,15/LAX-DFW/NK3710,3,8,3,8,1,0,0,LAX,DFW,2024-10-28 11:52:00,2024-10-28 14:52:00,1231,MI,1,0,,True
1,15/LAX-DFW/NK3710,3,8,3,8,1,0,0,LAX,DFW,2024-10-29 11:52:00,2024-10-29 14:52:00,1231,MI,1,0,,True
1,15/LAX-DFW/NK3710,3,8,3,8,1,0,0,LAX,DFW,2024-10-30 11:52:00,2024-10-30 14:52:00,1231,MI,1,0,,True
1,15/LAX-DFW/NK3710,3,8,3,8,1,0,0,LAX,DFW,2024-10-31 11:52:00,2024-10-31 14:52:00,1231,MI,1,0,,True
1,15/LAX-DFW/NK3710,3,8,3,8,1,0,0,LAX,DFW,2024-11-01 11:52:00,2024-11-01 14:52:00,1231,MI,1,0,,True
1,15/LAX-DFW/NK3710,3,8,3,8,1,0,0,LAX,DFW,2024-11-02 11:52:00,2024-11-02 14:52:00,1231,MI,1,0,,True
1,15/LAX-DFW/NK3710,3,8,3,8,1,0,0,LAX,DFW,2024-11-03 11:52:00,2024-11-03 14:52:00,1231,MI,1,0,,True
1,15/LAX-DFW/NK3710,3,8,3,8,1,0,0,LAX,DFW,2024-11-04 11:52:00,2024-11-04 14:52:00,1231,MI,1,0,,True
1,15/LAX-DFW/NK3710,3,8,3,8,1,0,0,LAX,DFW,2024-11-05 11:52:00,2024-11-05 14:52:00,1231,MI,1,0,,True
1,15/LAX-DFW/NK3710,3,8,3,8,1,0,0,LAX,DFW,2024-11-06 11:52:00,2024-11-06 14:52:00,1231,MI,1,0,,True
1,15/LAX-DFW/NK3710,3,8,3,8,1,0,0,LAX,DFW,2024-11-07 11:52:00,2024-11-07 14:52:00,1231,MI,1,0,,True
1,15/LAX-DFW/NK3710,3,8,3,8,1,0,0,LAX,DFW,2024-11-08 11:52:00,2024-11-08 14:52:00,1231,MI,1,0,,True
1,15/LAX-DFW/NK3710,3,8,3,8,1,0,0,LAX,DFW,2024-11-09 11:52:00,2024-11-09 14:52:00,1231,MI,1,0,,True
1,15/LAX-DFW/NK3710,3,8,3,8,1,0,0,LAX,DFW,2024-11-10 11:52:00,2024-11-10 14:52:00,1231,MI,1,0,,True
1,15/LAX-DFW/NK3710,3,8,3,8,1,0,0,LAX,DFW,2024-11-11 11:52:00,2024-11-11 14:52:00,1231,MI,1,0,,True
1,15/LAX-DFW/NK3710,3,8,3,8,1,0,0,LAX,DFW,2024-11-12 11:52:00,2024-11-12 14:52:00,1231,MI,1,0,,True
1,15/LAX-DFW/NK3710,3,8,3,8,1,0,0,LAX,DFW,2024-11-13 11:52:00,2024-11-13 14:52:00,1231,MI,1,0,,True
1,15/LAX-DFW/NK3710,3,8,3,8,1,0,0,LAX,DFW,2024-11-14 11:52:00,2024-11-14 14:52:00,1231,MI,1,0,,True
2,15/LAX-DFW/DL3711,3,8,3,8,1,0,1,LAX,DFW,2024-10-16 12:00:00,2024-10-16 16:00:00,1231,MI,1,0,,True
2,15/LAX-DFW/DL3711,3,8,3,8,1,0,1,LAX,DFW,2024-10-17 12:00:00,2024-10-17 16:00:00,1231,MI,1,0,,True
2,15/LAX-DFW/DL3711,3,8,3,8,1,0,1,LAX,DFW,2024-10-18 12:00:00,2024-10-18 16:00:00,1231,MI,1,0,,True
2,15/LAX-DFW/DL3711,3,8,3,8,1,0,1,LAX,DFW,2024-10-19 12:00:00,2024-10-19 16:00:00,1231,MI,1,0,,True
2,15/LAX-DFW/DL3711,3,8,3,8,1,0,1,LAX,DFW,2024-10-20 12:00:00,2024-10-20 16:00:00,1231,MI,1,0,,True
2,15/LAX-DFW/DL3711,3,8,3,8,1,0,1,LAX,DFW,2024-10-21 12:00:00,2024-10-21 16:00:00,1231,MI,1,0,,True
2,15/LAX-DFW/DL3711,3,8,3,8,1,0,1,LAX,DFW,2024-10-22 12:00:00,2024-10-22 16:00:00,1231,MI,1,0,,True
2,15/LAX-DFW/DL3711,3,8,3,8,1,0,1,LAX,DFW,2024-10-23 12:00:00,2024-10-23 16:00:00,1231,MI,1,0,,True
2,15/LAX-DFW/DL3711,3,8,3,8,1,0,1,LAX,DFW,2024-10-24 12:00:00,2024-10-24 16:00:00,1231,MI,1,0,,True
2,15/LAX-DFW/DL3711,3,8,3,8,1,0,1,LAX,DFW,2024-10-25 12:00:00,2024-10-25 16:00:00,1231,MI,1,0,,True
2,15/LAX-DFW/DL3711,3,8,3,8,1,0,1,LAX,DFW,2024-10-26 12:00:00,2024-10-26 16:00:00,1231,MI,1,0,,True
2,15/LAX-DFW/DL3711,3,8,3,8,1,0,1,LAX,DFW,2024-10-27 12:00:00,2024-10-27 16:00:00,1231,MI,1,0,,True
2,15/LAX-DFW/DL3711,3,8,3,8,1,0,1,LAX,DFW,2024-10-28 12:00:00,2024-10-28 16:00:00,1231,MI,1,0,,True
2,15/LAX-DFW/DL3711,3,8,3,8,1,0,1,LAX,DFW,2024-10-29 12:00:00,2024-10-29 16:00:00,1231,MI,1,0,,True
2,15/LAX-DFW/DL3711,3,8,3,8,1,0,1,LAX,DFW,2024-10-30 12:00:00,2024-10-30 16:00:00,1231,MI,1,0,,True
2,15/LAX-DFW/DL3711,3,8,3,8,1,0,1,LAX,DFW,2024-10-31 12:00:00,2024-10-31 16:00:00,1231,MI,1,0,,True
2,15/LAX-DFW/DL3711,3,8,3,8,1,0,1,LAX,DFW,2024-11-01 12:00:00,2024-11-01 16:00:00,1231,MI,1,0,,True
2,15/LAX-DFW/DL3711,3,8,3,8,1,0,1,LAX,DFW,2024-11-02 12:00:00,2024-11-02 16:00:00,1231,MI,1,0,,True
2,15/LAX-DFW/DL3711,3,8,3,8,1,0,1,LAX,DFW,2024-11-03 12:00:00,2024-11-03 16:00:00,1231,MI,1,0,,True
2,15/LAX-DFW/DL3711,3,8,3,8,1,0,1,LAX,DFW,2024-11-04 12:00:00,2024-11-04 16:00:00,1231,MI,1,0,,True
2,15/LAX-DFW/DL3711,3,8,3,8,1,0,1,LAX,DFW,2024-11-05 12:00:00,2024-11-05 16:00:00,1231,MI,1,0,,True
2,15/LAX-DFW/DL3711,3,8,3,8,1,0,1,LAX,DFW,2024-11-06 12:00:00,2024-11-06 16:00:00,1231,MI,1,0,,True
2,15/LAX-DFW/DL3711,3,8,3,8,1,0,1,LAX,DFW,2024-11-07 12:00:00,2024-11-07 16:00:00,1231,MI,1,0,,True
2,15/LAX-DFW/DL3711,3,8,3,8,1,0,1,LAX,DFW,2024-11-08 12:00:00,2024-11-08 16:00:00,1231,MI,1,0,,True
2,15/LAX-DFW/DL3711,3,8,3,8,1,0,1,LAX,DFW,2024-11-09 12:00:00,2024-11-09 16:00:00,1231,MI,1,0,,True
2,15/LAX-DFW/DL3711,3,8,3,8,1,0,1,LAX,DFW,2024-11-10 12:00:00,2024-11-10 16:00:00,1231,MI,1,0,,True
2,15/LAX-DFW/DL3711,3,8,3,8,1,0,1,LAX,DFW,2024-11-11 12:00:00,2024-11-11 16:00:00,1231,MI,1,0,,True
2,15/LAX-DFW/DL3711,3,8,3,8,1,0,1,LAX,DFW,2024-11-12 12:00:00,2024-11-12 16:00:00,1231,MI,1,0,,True
2,15/LAX-DFW/DL3711,3,8,3,8,1,0,1,LAX,DFW,2024-11-13 12:00:00,2024-11-13 16:00:00,1231,MI,1,0,,True
2,15/LAX-DFW/DL3711,3,8,3,8,1,0,1,LAX,DFW,2024-11-14 12:00:00,2024-11-14 16:00:00,1231,MI,1,0,,True
3,15/LAX-DFW/WN3712,3,10,3,10,1,0,0,LAX,DFW,2024-10-16 14:00:00,2024-10-16 17:10:00,1231,MI,1,0,,True
3,15/LAX-DFW/WN3712,3,10,3,10,1,0,0,LAX,DFW,2024-10-17 14:00:00,2024-10-17 17:10:00,1231,MI,1,0,,True
3,15/LAX-DFW/WN3712,3,10,3,10,1,0,0,LAX,DFW,2024-10-18 14:00:00,2024-10-18 17:10:00,1231,MI,1,0,,True
3,15/LAX-DFW/WN3712,3,10,3,10,1,0,0,LAX,DFW,2024-10-19 14:00:00,2024-10-19 17:10:00,1231,MI,1,0,,True
3,15/LAX-DFW/WN3712,3,10,3,10,1,0,0,LAX,DFW,2024-10-20 14:00:00,2024-10-20 17:10:00,1231,MI,1,0,,True
3,15/LAX-DFW/WN3712,3,10,3,10,1,0,0,LAX,DFW,2024-10-21 14:00:00,2024-10-21 17:10:00,1231,MI,1,0,,True
3,15/LAX-DFW/WN3712,3,10,3,10,1,0,0,LAX,DFW,2024-10-22 14:00:00,2024-10-22 17:10:00,1231,MI,1,0,,True
3,15/LAX-DFW/WN3712,3,10,3,10,1,0,0,LAX,DFW,2024-10-23 14:00:00,2024-10-23 17:10:00,1231,MI,1,0,,True
3,15/LAX-DFW/WN3712,3,10,3,10,1,0,0,LAX,DFW,2024-10-24 14:00:00,2024-10-24 17:10:00,1231,MI,1,0,,True
3,15/LAX-DFW/WN3712,3,10,3,10,1,0,0,LAX,DFW,2024-10-25 14:00:00,2024-10-25 17:10:00,1231,MI,1,0,,True
3,15/LAX-DFW/WN3712,3,10,3,10,1,0,0,LAX,DFW,2024-10-26 14:00:00,2024-10-26 17:10:00,1231,MI,1,0,,True
3,15/LAX-DFW/WN3712,3,10,3,10,1,0,0,LAX,DFW,2024-10-27 14:00:00,2024-10-27 17:10:00,1231,MI,1,0,,True
3,15/LAX-DFW/WN3712,3,10,3,10,1,0,0,LAX,DFW,2024-10-28 14:00:00,2024-10-28 17:10:00,1231,MI,1,0,,True
3,15/LAX-DFW/WN3712,3,10,3,10,1,0,0,LAX,DFW,2024-10-29 14:00:00,2024-10-29 17:10:00,1231,MI,1,0,,True
3,15/LAX-DFW/WN3712,3,10,3,10,1,0,0,LAX,DFW,2024-10-30 14:00:00,2024-10-30 17:10:00,1231,MI,1,0,,True
3,15/LAX-DFW/WN3712,3,10,3,10,1,0,0,LAX,DFW,2024-10-31 14:00:00,2024-10-31 17:10:00,1231,MI,1,0,,True
3,15/LAX-DFW/WN3712,3,10,3,10,1,0,0,LAX,DFW,2024-11-01 14:00:00,2024-11-01 17:10:00,1231,MI,1,0,,True
3,15/LAX-DFW/WN3712,3,10,3,10,1,0,0,LAX,DFW,2024-11-02 14:00:00,2024-11-02 17:10:00,1231,MI,1,0,,True
3,15/LAX-DFW/WN3712,3,10,3,10,1,0,0,LAX,DFW,2024-11-03 14:00:00,2024-11-03 17:10:00,1231,MI,1,0,,True
3,15/LAX-DFW/WN3712,3,10,3,10,1,0,0,LAX,DFW,2024-11-04 14:00:00,2024-11-04 17:10:00,1231,MI,1,0,,True
3,15/LAX-DFW/WN3712,3,10,3,10,1,0,0,LAX,DFW,2024-11-05 14:00:00,2024-11-05 17:10:00,1231,MI,1,0,,True
3,15/LAX-DFW/WN3712,3,10,3,10,1,0,0,LAX,DFW,2024-11-06 14:00:00,2024-11-06 17:10:00,1231,MI,1,0,,True
3,15/LAX-DFW/WN3712,3,10,3,10,1,0,0,LAX,DFW,2024-11-07 14:00:00,2024-11-07 17:10:00,1231,MI,1,0,,True
3,15/LAX-DFW/WN3712,3,10,3,10,1,0,0,LAX,DFW,2024-11-08 14:00:00,2024-11-08 17:10:00,1231,MI,1,0,,True
3,15/LAX-DFW/WN3712,3,10,3,10,1,0,0,LAX,DFW,2024-11-09 14:00:00,2024-11-09 17:10:00,1231,MI,1,0,,True
3,15/LAX-DFW/WN3712,3,10,3,10,1,0,0,LAX,DFW,2024-11-10 14:00:00,2024-11-10 17:10:00,1231,MI,1,0,,True
3,15/LAX-DFW/WN3712,3,10,3,10,1,0,0,LAX,DFW,2024-11-11 14:00:00,2024-11-11 17:10:00,1231,MI,1,0,,True
3,15/LAX-DFW/WN3712,3,10,3,10,1,0,0,LAX,DFW,2024-11-12 14:00:00,2024-11-12 17:10:00,1231,MI,1,0,,True
3,15/LAX-DFW/WN3712,3,10,3,10,1,0,0,LAX,DFW,2024-11-13 14:00:00,2024-11-13 17:10:00,1231,MI,1,0,,True
3,15/LAX-DFW/WN3712,3,10,3,10,1,0,0,LAX,DFW,2024-11-14 14:00:00,2024-11-14 17:10:00,1231,MI,1,0,,True
4,15/LAX-DFW/AS3713,3,5,3,5,1,0,0,LAX,DFW,2024-10-17 18:00:00,2024-10-17 21:05:00,1231,MI,1,0,,True
4,15/LAX-DFW/AS3713,3,5,3,5,1,0,0,LAX,DFW,2024-10-18 18:00:00,2024-10-18 21:05:00,1231,MI,1,0,,True
4,15/LAX-DFW/AS3713,3,5,3,5,1,0,0,LAX,DFW,2024-10-19 18:00:00,2024-10-19 21:05:00,1231,MI,1,0,,True
4,15/LAX-DFW/AS3713,3,5,3,5,1,0,0,LAX,DFW,2024-10-20 18:00:00,2024-10-20 21:05:00,1231,MI,1,0,,True
4,15/LAX-DFW/AS3713,3,5,3,5,1,0,0,LAX,DFW,2024-10-21 18:00:00,2024-10-21 21:05:00,1231,MI,1,0,,True
4,15/LAX-DFW/AS3713,3,5,3,5,1,0,0,LAX,DFW,2024-10-22 18:00:00,2024-10-22 21:05:00,1231,MI,1,0,,True
4,15/LAX-DFW/AS3713,3,5,3,5,1,0,0,LAX,DFW,2024-10-23 18:00:00,2024-10-23 21:05:00,1231,MI,1,0,,True
4,15/LAX-DFW/AS3713,3,5,3,5,1,0,0,LAX,DFW,2024-10-24 18:00:00,2024-10-24 21:05:00,1231,MI,1,0,,True
4,15/LAX-DFW/AS3713,3,5,3,5,1,0,0,LAX,DFW,2024-10-25 18:00:00,2024-10-25 21:05:00,1231,MI,1,0,,True
4,15/LAX-DFW/AS3713,3,5,3,5,1,0,0,LAX,DFW,2024-10-26 18:00:00,2024-10-26 21:05:00,1231,MI,1,0,,True
4,15/LAX-DFW/AS3713,3,5,3,5,1,0,0,LAX,DFW,2024-10-27 18:00:00,2024-10-27 21:05:00,1231,MI,1,0,,True
4,15/LAX-DFW/AS3713,3,5,3,5,1,0,0,LAX,DFW,2024-10-28 18:00:00,2024-10-28 21:05:00,1231,MI,1,0,,True
4,15/LAX-DFW/AS3713,3,5,3,5,1,0,0,LAX,DFW,2024-10-29 18:00:00,2024-10-29 21:05:00,1231,MI,1,0,,True
4,15/LAX-DFW/AS3713,3,5,3,5,1,0,0,LAX,DFW,2024-10-30 18:00:00,2024-10-30 21:05:00,1231,MI,1,0,,True
4,15/LAX-DFW/AS3713,3,5,3,5,1,0,0,LAX,DFW,2024-10-31 18:00:00,2024-10-31 21:05:00,1231,MI,1,0,,True
4,15/LAX-DFW/AS3713,3,5,3,5,1,0,0,LAX,DFW,2024-11-01 18:00:00,2024-11-01 21:05:00,1231,MI,1,0,,True
4,15/LAX-DFW/AS3713,3,5,3,5,1,0,0,LAX,DFW,2024-11-02 18:00:00,2024-11-02 21:05:00,1231,MI,1,0,,True
4,15/LAX-DFW/AS3713,3,5,3,5,1,0,0,LAX,DFW,2024-11-03 18:00:00,2024-11-03 21:05:00,1231,MI,1,0,,True
4,15/LAX-DFW/AS3713,3,5,3,5,1,0,0,LAX,DFW,2024-11-04 18:00:00,2024-11-04 21:05:00,1231,MI,1,0,,True
4,15/LAX-DFW/AS3713,3,5,3,5,1,0,0,LAX,DFW,2024-11-05 18:00:00,2024-11-05 21:05:00,1231,MI,1,0,,True
4,15/LAX-DFW/AS3713,3,5,3,5,1,0,0,LAX,DFW,2024-11-06 18:00:00,2024-11-06 21:05:00,1231,MI,1,0,,True
4,15/LAX-DFW/AS3713,3,5,3,5,1,0,0,LAX,DFW,2024-11-07 18:00:00,2024-11-07 21:05:00,1231,MI,1,0,,True
4,15/LAX-DFW/AS3713,3,5,3,5,1,0,0,LAX,DFW,2024-11-08 18:00:00,2024-11-08 21:05:00,1231,MI,1,0,,True
4,15/LAX-DFW/AS3713,3,5,3,5,1,0,0,LAX,DFW,2024-11-09 18:00:00,2024-11-09 21:05:00,1231,MI,1,0,,True
4,15/LAX-DFW/AS3713,3,5,3,5,1,0,0,LAX,DFW,2024-11-10 18:00:00,2024-11-10 21:05:00,1231,MI,1,0,,True
4,15/LAX-DFW/AS3713,3,5,3,5,1,0,0,LAX,DFW,2024-11-11 18:00:00,2024-11-11 21:05:00,1231,MI,1,0,,True
4,15/LAX-DFW/AS3713,3,5,3,5,1,0,0,LAX,DFW,2024-11-12 18:00:00,2024-11-12 21:05:00,1231,MI,1,0,,True
4,15/LAX-DFW/AS3713,3,5,3,5,1,0,0,LAX,DFW,2024-11-13 18:00:00,2024-11-13 21:05:00,1231,MI,1,0,,True
4,15/LAX-DFW/AS3713,3,5,3,5,1,0,0,LAX,DFW,2024-11-14 18:00:00,2024-11-14 21:05:00,1231,MI,1,0,,True
4,15/LAX-DFW/AS3713,3,5,3,5,1,0,0,LAX,DFW,2024-11-15 18:00:00,2024-11-15 21:05:00,1231,MI,1,0,,True
5,15/LAX-DFW/UA3714,3,15,3,15,1,0,0,LAX,DFW,2024-10-18 20:00:00,2024-10-18 23:15:00,1231,MI,1,0,,True
5,15/LAX-DFW/UA3714,3,15,3,15,1,0,0,LAX,DFW,2024-10-19 20:00:00,2024-10-19 23:15:00,1231,MI,1,0,,True
5,15/LAX-DFW/UA3714,3,15,3,15,1,0,0,LAX,DFW,2024-10-20 20:00:00,2024-10-20 23:15:00,1231,MI,1,0,,True
5,15/LAX-DFW/UA3714,3,15,3,15,1,0,0,LAX,DFW,2024-10-21 20:00:00,2024-10-21 23:15:00,1231,MI,1,0,,True
5,15/LAX-DFW/UA3714,3,15,3,15,1,0,0,LAX,DFW,2024-10-22 20:00:00,2024-10-22 23:15:00,1231,MI,1,0,,True
5,15/LAX-DFW/UA3714,3,15,3,15,1,0,0,LAX,DFW,2024-10-23 20:00:00,2024-10-23 23:15:00,1231,MI,1,0,,True
5,15/LAX-DFW/UA3714,3,15,3,15,1,0,0,LAX,DFW,2024-10-24 20:00:00,2024-10-24 23:15:00,1231,MI,1,0,,True
5,15/LAX-DFW/UA3714,3,15,3,15,1,0,0,LAX,DFW,2024-10-25 20:00:00,2024-10-25 23:15:00,1231,MI,1,0,,True
5,15/LAX-DFW/UA3714,3,15,3,15,1,0,0,LAX,DFW,2024-10-26 20:00:00,2024-10-26 23:15:00,1231,MI,1,0,,True
5,15/LAX-DFW/UA3714,3,15,3,15,1,0,0,LAX,DFW,2024-10-27 20:00:00,2024-10-27 23:15:00,1231,MI,1,0,,True
5,15/LAX-DFW/UA3714,3,15,3,15,1,0,0,LAX,DFW,2024-10-28 20:00:00,2024-10-28 23:15:00,1231,MI,1,0,,True
5,15/LAX-DFW/UA3714,3,15,3,15,1,0,0,LAX,DFW,2024-10-29 20:00:00,2024-10-29 23:15:00,1231,MI,1,0,,True
5,15/LAX-DFW/UA3714,3,15,3,15,1,0,0,LAX,DFW,2024-10-30 20:00:00,2024-10-30 23:15:00,1231,MI,1,0,,True
5,15/LAX-DFW/UA3714,3,15,3,15,1,0,0,LAX,DFW,2024-10-31 20:00:00,2024-10-31 23:15:00,1231,MI,1,0,,True
5,15/LAX-DFW/UA3714,3,15,3,15,1,0,0,LAX,DFW,2024-11-01 20:00:00,2024-11-01 23:15:00,1231,MI,1,0,,True
5,15/LAX-DFW/UA3714,3,15,3,15,1,0,0,LAX,DFW,2024-11-02 20:00:00,2024-11-02 23:15:00,1231,MI,1,0,,True
5,15/LAX-DFW/UA3714,3,15,3,15,1,0,0,LAX,DFW,2024-11-03 20:00:00,2024-11-03 23:15:00,1231,MI,1,0,,True
5,15/LAX-DFW/UA3714,3,15,3,15,1,0,0,LAX,DFW,2024-11-04 20:00:00,2024-11-04 23:15:00,1231,MI,1,0,,True
5,15/LAX-DFW/UA3714,3,15,3,15,1,0,0,LAX,DFW,2024-11-05 20:00:00,2024-11-05 23:15:00,1231,MI,1,0,,True
5,15/LAX-DFW/UA3714,3,15,3,15,1,0,0,LAX,DFW,2024-11-06 20:00:00,2024-11-06 23:15:00,1231,MI,1,0,,True
5,15/LAX-DFW/UA3714,3,15,3,15,1,0,0,LAX,DFW,2024-11-07 20:00:00,2024-11-07 23:15:00,1231,MI,1,0,,True
5,15/LAX-DFW/UA3714,3,15,3,15,1,0,0,LAX,DFW,2024-11-08 20:00:00,2024-11-08 23:15:00,1231,MI,1,0,,True
5,15/LAX-DFW/UA3714,3,15,3,15,1,0,0,LAX,DFW,2024-11-09 20:00:00,2024-11-09 23:15:00,1231,MI,1,0,,True
5,15/LAX-DFW/UA3714,3,15,3,15,1,0,0,LAX,DFW,2024-11-10 20:00:00,2024-11-10 23:15:00,1231,MI,1,0,,True
5,15/LAX-DFW/UA3714,3,15,3,15,1,0,0,LAX,DFW,2024-11-11 20:00:00,2024-11-11 23:15:00,1231,MI,1,0,,True
5,15/LAX-DFW/UA3714,3,15,3,15,1,0,0,LAX,DFW,2024-11-12 20:00:00,2024-11-12 23:15:00,1231,MI,1,0,,True
5,15/LAX-DFW/UA3714,3,15,3,15,1,0,0,LAX,DFW,2024-11-13 20:00:00,2024-11-13 23:15:00,1231,MI,1,0,,True
5,15/LAX-DFW/UA3714,3,15,3,15,1,0,0,LAX,DFW,2024-11-14 20:00:00,2024-11-14 23:15:00,1231,MI,1,0,,True
5,15/LAX-DFW/UA3714,3,15,3,15,1,0,0,LAX,DFW,2024-11-15 20:00:00,2024-11-15 23:15:00,1231,MI,1,0,,True
5,15/LAX-DFW/UA3714,3,15,3,15,1,0,0,LAX,DFW,2024-11-16 20:00:00,2024-11-16 23:15:00,1231,MI,1,0,,True
31,15/LAX-DFW/UA3715,3,15,3,15,1,0,2,LAX,DFW,2024-10-18 21:00:00,2024-10-19 03:15:00,1231,MI,1,0,,True
31,15/LAX-DFW/UA3715,3,15,3,15,1,0,2,LAX,DFW,2024-10-19 21:00:00,2024-10-20 03:15:00,1231,MI,1,0,,True
31,15/LAX-DFW/UA3715,3,15,3,15,1,0,2,LAX,DFW,2024-10-20 21:00:00,2024-10-21 03:15:00,1231,MI,1,0,,True
31,15/LAX-DFW/UA3715,3,15,3,15,1,0,2,LAX,DFW,2024-10-21 21:00:00,2024-10-22 03:15:00,1231,MI,1,0,,True
31,15/LAX-DFW/UA3715,3,15,3,15,1,0,2,LAX,DFW,2024-10-22 21:00:00,2024-10-23 03:15:00,1231,MI,1,0,,True
31,15/LAX-DFW/UA3715,3,15,3,15,1,0,2,LAX,DFW,2024-10-23 21:00:00,2024-10-24 03:15:00,1231,MI,1,0,,True
31,15/LAX-DFW/UA3715,3,15,3,15,1,0,2,LAX,DFW,2024-10-24 21:00:00,2024-10-25 03:15:00,1231,MI,1,0,,True
31,15/LAX-DFW/UA3715,3,15,3,15,1,0,2,LAX,DFW,2024-10-25 21:00:00,2024-10-26 03:15:00,1231,MI,1,0,,True
31,15/LAX-DFW/UA3715,3,15,3,15,1,0,2,LAX,DFW,2024-10-26 21:00:00,2024-10-27 03:15:00,1231,MI,1,0,,True
31,15/LAX-DFW/UA3715,3,15,3,15,1,0,2,LAX,DFW,2024-10-27 21:00:00,2024-10-28 03:15:00,1231,MI,1,0,,True
31,15/LAX-DFW/UA3715,3,15,3,15,1,0,2,LAX,DFW,2024-10-28 21:00:00,2024-10-29 03:15:00,1231,MI,1,0,,True
31,15/LAX-DFW/UA3715,3,15,3,15,1,0,2,LAX,DFW,2024-10-29 21:00:00,2024-10-30 03:15:00,1231,MI,1,0,,True
31,15/LAX-DFW/UA3715,3,15,3,15,1,0,2,LAX,DFW,2024-10-30 21:00:00,2024-10-31 03:15:00,1231,MI,1,0,,True
31,15/LAX-DFW/UA3715,3,15,3,15,1,0,2,LAX,DFW,2024-10-31 21:00:00,2024-11-01 03:15:00,1231,MI,1,0,,True
31,15/LAX-DFW/UA3715,3,15,3,15,1,0,2,LAX,DFW,2024-11-01 21:00:00,2024-11-02 03:15:00,1231,MI,1,0,,True
31,15/LAX-DFW/UA3715,3,15,3,15,1,0,2,LAX,DFW,2024-11-02 21:00:00,2024-11-03 03:15:00,1231,MI,1,0,,True
31,15/LAX-DFW/UA3715,3,15,3,15,1,0,2,LAX,DFW,2024-11-03 21:00:00,2024-11-04 03:15:00,1231,MI,1,0,,True
31,15/LAX-DFW/UA3715,3,15,3,15,1,0,2,LAX,DFW,2024-11-04 21:00:00,2024-11-05 03:15:00,1231,MI,1,0,,True
31,15/LAX-DFW/UA3715,3,15,3,15,1,0,2,LAX,DFW,2024-11-05 21:00:00,2024-11-06 03:15:00,1231,MI,1,0,,True
31,15/LAX-DFW/UA3715,3,15,3,15,1,0,2,LAX,DFW,2024-11-06 21:00:00,2024-11-07 03:15:00,1231,MI,1,0,,True
31,15/LAX-DFW/UA3715,3,15,3,15,1,0,2,LAX,DFW,2024-11-07 21:00:00,2024-11-08 03:15:00,1231,MI,1,0,,True
31,15/LAX-DFW/UA3715,3,15,3,15,1,0,2,LAX,DFW,2024-11-08 21:00:00,2024-11-09 03:15:00,1231,MI,1,0,,True
31,15/LAX-DFW/UA3715,3,15,3,15,1,0,2,LAX,DFW,2024-11-09 21:00:00,2024-11-10 03:15:00,1231,MI,1,0,,True
31,15/LAX-DFW/UA3715,3,15,3,15,1,0,2,LAX,DFW,2024-11-10 21:00:00,2024-11-11 03:15:00,1231,MI,1,0,,True
31,15/LAX-DFW/UA3715,3,15,3,15,1,0,2,LAX,DFW,2024-11-11 21:00:00,2024-11-12 03:15:00,1231,MI,1,0,,True
31,15/LAX-DFW/UA3715,3,15,3,15,1,0,2,LAX,DFW,2024-11-12 21:00:00,2024-11-13 03:15:00,1231,MI,1,0,,True
31,15/LAX-DFW/UA3715,3,15,3,15,1,0,2,LAX,DFW,2024-11-13 21:00:00,2024-11-14 03:15:00,1231,MI,1,0,,True
31,15/LAX-DFW/UA3715,3,15,3,15,1,0,2,LAX,DFW,2024-11-14 21:00:00,2024-11-15 03:15:00,1231,MI,1,0,,True
31,15/LAX-DFW/UA3715,3,15,3,15,1,0,2,LAX,DFW,2024-11-15 21:00:00,2024-11-16 03:15:00,1231,MI,1,0,,True
31,15/LAX-DFW/UA3715,3,15,3,15,1,0,2,LAX,DFW,2024-11-16 21:00:00,2024-11-17 03:15:00,1231,MI,1,0,,True
6,15/DFW-LAX/DL3711,3,8,3,8,1,0,0,DFW,LAX,2024-10-17 12:00:00,2024-10-17 15:00:00,1231,MI,1,0,,True
6,15/DFW-LAX/DL3711,3,8,3,8,1,0,0,DFW,LAX,2024-10-18 12:00:00,2024-10-18 15:00:00,1231,MI,1,0,,True
6,15/DFW-LAX/DL3711,3,8,3,8,1,0,0,DFW,LAX,2024-10-19 12:00:00,2024-10-19 15:00:00,1231,MI,1,0,,True
6,15/DFW-LAX/DL3711,3,8,3,8,1,0,0,DFW,LAX,2024-10-20 12:00:00,2024-10-20 15:00:00,1231,MI,1,0,,True
6,15/DFW-LAX/DL3711,3,8,3,8,1,0,0,DFW,LAX,2024-10-21 12:00:00,2024-10-21 15:00:00,1231,MI,1,0,,True
6,15/DFW-LAX/DL3711,3,8,3,8,1,0,0,DFW,LAX,2024-10-22 12:00:00,2024-10-22 15:00:00,1231,MI,1,0,,True
6,15/DFW-LAX/DL3711,3,8,3,8,1,0,0,DFW,LAX,2024-10-23 12:00:00,2024-10-23 15:00:00,1231,MI,1,0,,True
6,15/DFW-LAX/DL3711,3,8,3,8,1,0,0,DFW,LAX,2024-10-24 12:00:00,2024-10-24 15:00:00,1231,MI,1,0,,True
6,15/DFW-LAX/DL3711,3,8,3,8,1,0,0,DFW,LAX,2024-10-25 12:00:00,2024-10-25 15:00:00,1231,MI,1,0,,True
6,15/DFW-LAX/DL3711,3,8,3,8,1,0,0,DFW,LAX,2024-10-26 12:00:00,2024-10-26 15:00:00,1231,MI,1,0,,True
6,15/DFW-LAX/DL3711,3,8,3,8,1,0,0,DFW,LAX,2024-10-27 12:00:00,2024-10-27 15:00:00,1231,MI,1,0,,True
6,15/DFW-LAX/DL3711,3,8,3,8,1,0,0,DFW,LAX,2024-10-28 12:00:00,2024-10-28 15:00:00,1231,MI,1,0,,True
6,15/DFW-LAX/DL3711,3,8,3,8,1,0,0,DFW,LAX,2024-10-29 12:00:00,2024-10-29 15:00:00,1231,MI,1,0,,True
6,15/DFW-LAX/DL3711,3,8,3,8,1,0,0,DFW,LAX,2024-10-30 12:00:00,2024-10-30 15:00:00,1231,MI,1,0,,True
6,15/DFW-LAX/DL3711,3,8,3,8,1,0,0,DFW,LAX,2024-10-31 12:00:00,2024-10-31 15:00:00,1231,MI,1,0,,True
6,15/DFW-LAX/DL3711,3,8,3,8,1,0,0,DFW,LAX,2024-11-01 12:00:00,2024-11-01 15:00:00,1231,MI,1,0,,True
6,15/DFW-LAX/DL3711,3,8,3,8,1,0,0,DFW,LAX,2024-11-02 12:00:00,2024-11-02 15:00:00,1231,MI,1,0,,True
6,15/DFW-LAX/DL3711,3,8,3,8,1,0,0,DFW,LAX,2024-11-03 12:00:00,2024-11-03 15:00:00,1231,MI,1,0,,True
6,15/DFW-LAX/DL3711,3,8,3,8,1,0,0,DFW,LAX,2024-11-04 12:00:00,2024-11-04 15:00:00,1231,MI,1,0,,True
6,15/DFW-LAX/DL3711,3,8,3,8,1,0,0,DFW,LAX,2024-11-05 12:00:00,2024-11-05 15:00:00,1231,MI,1,0,,True
6,15/DFW-LAX/DL3711,3,8,3,8,1,0,0,DFW,LAX,2024-11-06 12:00:00,2024-11-06 15:00:00,1231,MI,1,0,,True
6,15/DFW-LAX/DL3711,3,8,3,8,1,0,0,DFW,LAX,2024-11-07 12:00:00,2024-11-07 15:00:00,1231,MI,1,0,,True
6,15/DFW-LAX/DL3711,3,8,3,8,1,0,0,DFW,LAX,2024-11-08 12:00:00,2024-11-08 15:00:00,1231,MI,1,0,,True
6,15/DFW-LAX/DL3711,3,8,3,8,1,0,0,DFW,LAX,2024-11-09 12:00:00,2024-11-09 15:00:00,1231,MI,1,0,,True
6,15/DFW-LAX/DL3711,3,8,3,8,1,0,0,DFW,LAX,2024-11-10 12:00:00,2024-11-10 15:00:00,1231,MI,1,0,,True
6,15/DFW-LAX/DL3711,3,8,3,8,1,0,0,DFW,LAX,2024-11-11 12:00:00,2024-11-11 15:00:00,1231,MI,1,0,,True
6,15/DFW-LAX/DL3711,3,8,3,8,1,0,0,DFW,LAX,2024-11-12 12:00:00,2024-11-12 15:00:00,1231,MI,1,0,,True
6,15/DFW-LAX/DL3711,3,8,3,8,1,0,0,DFW,LAX,2024-11-13 12:00:00,2024-11-13 15:00:00,1231,MI,1,0,,True
6,15/DFW-LAX/DL3711,3,8,3,8,1,0,0,DFW,LAX,2024-11-14 12:00:00,2024-11-14 15:00:00,1231,MI,1,0,,True
6,15/DFW-LAX/DL3711,3,8,3,8,1,0,0,DFW,LAX,2024-11-15 12:00:00,2024-11-15 15:00:00,1231,MI,1,0,,True
7,15/DFW-LAX/UA3712,3,10,3,10,1,0,0,DFW,LAX,2024-10-17 14:00:00,2024-10-17 17:10:00,1231,MI,1,0,,True
7,15/DFW-LAX/UA3712,3,10,3,10,1,0,0,DFW,LAX,2024-10-18 14:00:00,2024-10-18 17:10:00,1231,MI,1,0,,True
7,15/DFW-LAX/UA3712,3,10,3,10,1,0,0,DFW,LAX,2024-10-19 14:00:00,2024-10-19 17:10:00,1231,MI,1,0,,True
7,15/DFW-LAX/UA3712,3,10,3,10,1,0,0,DFW,LAX,2024-10-20 14:00:00,2024-10-20 17:10:00,1231,MI,1,0,,True
7,15/DFW-LAX/UA3712,3,10,3,10,1,0,0,DFW,LAX,2024-10-21 14:00:00,2024-10-21 17:10:00,1231,MI,1,0,,True
7,15/DFW-LAX/UA3712,3,10,3,10,1,0,0,DFW,LAX,2024-10-22 14:00:00,2024-10-22 17:10:00,1231,MI,1,0,,True
7,15/DFW-LAX/UA3712,3,10,3,10,1,0,0,DFW,LAX,2024-10-23 14:00:00,2024-10-23 17:10:00,1231,MI,1,0,,True
7,15/DFW-LAX/UA3712,3,10,3,10,1,0,0,DFW,LAX,2024-10-24 14:00:00,2024-10-24 17:10:00,1231,MI,1,0,,True
7,15/DFW-LAX/UA3712,3,10,3,10,1,0,0,DFW,LAX,2024-10-25 14:00:00,2024-10-25 17:10:00,1231,MI,1,0,,True
7,15/DFW-LAX/UA3712,3,10,3,10,1,0,0,DFW,LAX,2024-10-26 14:00:00,2024-10-26 17:10:00,1231,MI,1,0,,True
7,15/DFW-LAX/UA3712,3,10,3,10,1,0,0,DFW,LAX,2024-10-27 14:00:00,2024-10-27 17:10:00,1231,MI,1,0,,True
7,15/DFW-LAX/UA3712,3,10,3,10,1,0,0,DFW,LAX,2024-10-28 14:00:00,2024-10-28 17:10:00,1231,MI,1,0,,True
7,15/DFW-LAX/UA3712,3,10,3,10,1,0,0,DFW,LAX,2024-10-29 14:00:00,2024-10-29 17:10:00,1231,MI,1,0,,True
7,15/DFW-LAX/UA3712,3,10,3,10,1,0,0,DFW,LAX,2024-10-30 14:00:00,2024-10-30 17:10:00,1231,MI,1,0,,True
7,15/DFW-LAX/UA3712,3,10,3,10,1,0,0,DFW,LAX,2024-10-31 14:00:00,2024-10-31 17:10:00,1231,MI,1,0,,True
7,15/DFW-LAX/UA3712,3,10,3,10,1,0,0,DFW,LAX,2024-11-01 14:00:00,2024-11-01 17:10:00,1231,MI,1,0,,True
7,15/DFW-LAX/UA3712,3,10,3,10,1,0,0,DFW,LAX,2024-11-02 14:00:00,2024-11-02 17:10:00,1231,MI,1,0,,True
7,15/DFW-LAX/UA3712,3,10,3,10,1,0,0,DFW,LAX,2024-11-03 14:00:00,2024-11-03 17:10:00,1231,MI,1,0,,True
7,15/DFW-LAX/UA3712,3,10,3,10,1,0,0,DFW,LAX,2024-11-04 14:00:00,2024-11-04 17:10:00,1231,MI,1,0,,True
7,15/DFW-LAX/UA3712,3,10,3,10,1,0,0,DFW,LAX,2024-11-05 14:00:00,2024-11-05 17:10:00,1231,MI,1,0,,True
7,15/DFW-LAX/UA3712,3,10,3,10,1,0,0,DFW,LAX,2024-11-06 14:00:00,2024-11-06 17:10:00,1231,MI,1,0,,True
7,15/DFW-LAX/UA3712,3,10,3,10,1,0,0,DFW,LAX,2024-11-07 14:00:00,2024-11-07 17:10:00,1231,MI,1,0,,True
7,15/DFW-LAX/UA3712,3,10,3,10,1,0,0,DFW,LAX,2024-11-08 14:00:00,2024-11-08 17:10:00,1231,MI,1,0,,True
7,15/DFW-LAX/UA3712,3,10,3,10,1,0,0,DFW,LAX,2024-11-09 14:00:00,2024-11-09 17:10:00,1231,MI,1,0,,True
7,15/DFW-LAX/UA3712,3,10,3,10,1,0,0,DFW,LAX,2024-11-10 14:00:00,2024-11-10 17:10:00,1231,MI,1,0,,True
7,15/DFW-LAX/UA3712,3,10,3,10,1,0,0,DFW,LAX,2024-11-11 14:00:00,2024-11-11 17:10:00,1231,MI,1,0,,True
7,15/DFW-LAX/UA3712,3,10,3,10,1,0,0,DFW,LAX,2024-11-12 14:00:00,2024-11-12 17:10:00,1231,MI,1,0,,True
7,15/DFW-LAX/UA3712,3,10,3,10,1,0,0,DFW,LAX,2024-11-13 14:00:00,2024-11-13 17:10:00,1231,MI,1,0,,True
7,15/DFW-LAX/UA3712,3,10,3,10,1,0,0,DFW,LAX,2024-11-14 14:00:00,2024-11-14 17:10:00,1231,MI,1,0,,True
7,15/DFW-LAX/UA3712,3,10,3,10,1,0,0,DFW,LAX,2024-11-15 14:00:00,2024-11-15 17:10:00,1231,MI,1,0,,True
8,15/DFW-LAX/NK3713,3,5,3,5,1,0,1,DFW,LAX,2024-10-18 18:00:00,2024-10-18 22:05:00,1231,MI,1,0,,True
8,15/DFW-LAX/NK3713,3,5,3,5,1,0,1,DFW,LAX,2024-10-19 18:00:00,2024-10-19 22:05:00,1231,MI,1,0,,True
8,15/DFW-LAX/NK3713,3,5,3,5,1,0,1,DFW,LAX,2024-10-20 18:00:00,2024-10-20 22:05:00,1231,MI,1,0,,True
8,15/DFW-LAX/NK3713,3,5,3,5,1,0,1,DFW,LAX,2024-10-21 18:00:00,2024-10-21 22:05:00,1231,MI,1,0,,True
8,15/DFW-LAX/NK3713,3,5,3,5,1,0,1,DFW,LAX,2024-10-22 18:00:00,2024-10-22 22:05:00,1231,MI,1,0,,True
8,15/DFW-LAX/NK3713,3,5,3,5,1,0,1,DFW,LAX,2024-10-23 18:00:00,2024-10-23 22:05:00,1231,MI,1,0,,True
8,15/DFW-LAX/NK3713,3,5,3,5,1,0,1,DFW,LAX,2024-10-24 18:00:00,2024-10-24 22:05:00,1231,MI,1,0,,True
8,15/DFW-LAX/NK3713,3,5,3,5,1,0,1,DFW,LAX,2024-10-25 18:00:00,2024-10-25 22:05:00,1231,MI,1,0,,True
8,15/DFW-LAX/NK3713,3,5,3,5,1,0,1,DFW,LAX,2024-10-26 18:00:00,2024-10-26 22:05:00,1231,MI,1,0,,True
8,15/DFW-LAX/NK3713,3,5,3,5,1,0,1,DFW,LAX,2024-10-27 18:00:00,2024-10-27 22:05:00,1231,MI,1,0,,True
8,15/DFW-LAX/NK3713,3,5,3,5,1,0,1,DFW,LAX,2024-10-28 18:00:00,2024-10-28 22:05:00,1231,MI,1,0,,True
8,15/DFW-LAX/NK3713,3,5,3,5,1,0,1,DFW,LAX,2024-10-29 18:00:00,2024-10-29 22:05:00,1231,MI,1,0,,True
8,15/DFW-LAX/NK3713,3,5,3,5,1,0,1,DFW,LAX,2024-10-30 18:00:00,2024-10-30 22:05:00,1231,MI,1,0,,True
8,15/DFW-LAX/NK3713,3,5,3,5,1,0,1,DFW,LAX,2024-10-31 18:00:00,2024-10-31 22:05:00,1231,MI,1,0,,True
8,15/DFW-LAX/NK3713,3,5,3,5,1,0,1,DFW,LAX,2024-11-01 18:00:00,2024-11-01 22:05:00,1231,MI,1,0,,True
8,15/DFW-LAX/NK3713,3,5,3,5,1,0,1,DFW,LAX,2024-11-02 18:00:00,2024-11-02 22:05:00,1231,MI,1,0,,True
8,15/DFW-LAX/NK3713,3,5,3,5,1,0,1,DFW,LAX,2024-11-03 18:00:00,2024-11-03 22:05:00,1231,MI,1,0,,True
8,15/DFW-LAX/NK3713,3,5,3,5,1,0,1,DFW,LAX,2024-11-04 18:00:00,2024-11-04 22:05:00,1231,MI,1,0,,True
8,15/DFW-LAX/NK3713,3,5,3,5,1,0,1,DFW,LAX,2024-11-05 18:00:00,2024-11-05 22:05:00,1231,MI,1,0,,True
8,15/DFW-LAX/NK3713,3,5,3,5,1,0,1,DFW,LAX,2024-11-06 18:00:00,2024-11-06 22:05:00,1231,MI,1,0,,True
8,15/DFW-LAX/NK3713,3,5,3,5,1,0,1,DFW,LAX,2024-11-07 18:00:00,2024-11-07 22:05:00,1231,MI,1,0,,True
8,15/DFW-LAX/NK3713,3,5,3,5,1,0,1,DFW,LAX,2024-11-08 18:00:00,2024-11-08 22:05:00,1231,MI,1,0,,True
8,15/DFW-LAX/NK3713,3,5,3,5,1,0,1,DFW,LAX,2024-11-09 18:00:00,2024-11-09 22:05:00,1231,MI,1,0,,True
8,15/DFW-LAX/NK3713,3,5,3,5,1,0,1,DFW,LAX,2024-11-10 18:00:00,2024-11-10 22:05:00,1231,MI,1,0,,True
8,15/DFW-LAX/NK3713,3,5,3,5,1,0,1,DFW,LAX,2024-11-11 18:00:00,2024-11-11 22:05:00,1231,MI,1,0,,True
8,15/DFW-LAX/NK3713,3,5,3,5,1,0,1,DFW,LAX,2024-11-12 18:00:00,2024-11-12 22:05:00,1231,MI,1,0,,True
8,15/DFW-LAX/NK3713,3,5,3,5,1,0,1,DFW,LAX,2024-11-13 18:00:00,2024-11-13 22:05:00,1231,MI,1,0,,True
8,15/DFW-LAX/NK3713,3,5,3,5,1,0,1,DFW,LAX,2024-11-14 18:00:00,2024-11-14 22:05:00,1231,MI,1,0,,True
8,15/DFW-LAX/NK3713,3,5,3,5,1,0,1,DFW,LAX,2024-11-15 18:00:00,2024-11-15 22:05:00,1231,MI,1,0,,True
8,15/DFW-LAX/NK3713,3,5,3,5,1,0,1,DFW,LAX,2024-11-16 18:00:00,2024-11-16 22:05:00,1231,MI,1,0,,True
9,15/DFW-LAX/WN3714,3,15,3,15,1,0,0,DFW,LAX,2024-10-19 20:00:00,2024-10-19 23:15:00,1231,MI,1,0,,True
9,15/DFW-LAX/WN3714,3,15,3,15,1,0,0,DFW,LAX,2024-10-20 20:00:00,2024-10-20 23:15:00,1231,MI,1,0,,True
9,15/DFW-LAX/WN3714,3,15,3,15,1,0,0,DFW,LAX,2024-10-21 20:00:00,2024-10-21 23:15:00,1231,MI,1,0,,True
9,15/DFW-LAX/WN3714,3,15,3,15,1,0,0,DFW,LAX,2024-10-22 20:00:00,2024-10-22 23:15:00,1231,MI,1,0,,True
9,15/DFW-LAX/WN3714,3,15,3,15,1,0,0,DFW,LAX,2024-10-23 20:00:00,2024-10-23 23:15:00,1231,MI,1,0,,True
9,15/DFW-LAX/WN3714,3,15,3,15,1,0,0,DFW,LAX,2024-10-24 20:00:00,2024-10-24 23:15:00,1231,MI,1,0,,True
9,15/DFW-LAX/WN3714,3,15,3,15,1,0,0,DFW,LAX,2024-10-25 20:00:00,2024-10-25 23:15:00,1231,MI,1,0,,True
9,15/DFW-LAX/WN3714,3,15,3,15,1,0,0,DFW,LAX,2024-10-26 20:00:00,2024-10-26 23:15:00,1231,MI,1,0,,True
9,15/DFW-LAX/WN3714,3,15,3,15,1,0,0,DFW,LAX,2024-10-27 20:00:00,2024-10-27 23:15:00,1231,MI,1,0,,True
9,15/DFW-LAX/WN3714,3,15,3,15,1,0,0,DFW,LAX,2024-10-28 20:00:00,2024-10-28 23:15:00,1231,MI,1,0,,True
9,15/DFW-LAX/WN3714,3,15,3,15,1,0,0,DFW,LAX,2024-10-29 20:00:00,2024-10-29 23:15:00,1231,MI,1,0,,True
9,15/DFW-LAX/WN3714,3,15,3,15,1,0,0,DFW,LAX,2024-10-30 20:00:00,2024-10-30 23:15:00,1231,MI,1,0,,True
9,15/DFW-LAX/WN3714,3,15,3,15,1,0,0,DFW,LAX,2024-10-31 20:00:00,2024-10-31 23:15:00,1231,MI,1,0,,True
9,15/DFW-LAX/WN3714,3,15,3,15,1,0,0,DFW,LAX,2024-11-01 20:00:00,2024-11-01 23:15:00,1231,MI,1,0,,True
9,15/DFW-LAX/WN3714,3,15,3,15,1,0,0,DFW,LAX,2024-11-02 20:00:00,2024-11-02 23:15:00,1231,MI,1,0,,True
9,15/DFW-LAX/WN3714,3,15,3,15,1,0,0,DFW,LAX,2024-11-03 20:00:00,2024-11-03 23:15:00,1231,MI,1,0,,True
9,15/DFW-LAX/WN3714,3,15,3,15,1,0,0,DFW,LAX,2024-11-04 20:00:00,2024-11-04 23:15:00,1231,MI,1,0,,True
9,15/DFW-LAX/WN3714,3,15,3,15,1,0,0,DFW,LAX,2024-11-05 20:00:00,2024-11-05 23:15:00,1231,MI,1,0,,True
9,15/DFW-LAX/WN3714,3,15,3,15,1,0,0,DFW,LAX,2024-11-06 20:00:00,2024-11-06 23:15:00,1231,MI,1,0,,True
9,15/DFW-LAX/WN3714,3,15,3,15,1,0,0,DFW,LAX,2024-11-07 20:00:00,2024-11-07 23:15:00,1231,MI,1,0,,True
9,15/DFW-LAX/WN3714,3,15,3,15,1,0,0,DFW,LAX,2024-11-08 20:00:00,2024-11-08 23:15:00,1231,MI,1,0,,True
9,15/DFW-LAX/WN3714,3,15,3,15,1,0,0,DFW,LAX,2024-11-09 20:00:00,2024-11-09 23:15:00,1231,MI,1,0,,True
9,15/DFW-LAX/WN3714,3,15,3,15,1,0,0,DFW,LAX,2024-11-10 20:00:00,2024-11-10 23:15:00,1231,MI,1,0,,True
9,15/DFW-LAX/WN3714,3,15,3,15,1,0,0,DFW,LAX,2024-11-11 20:00:00,2024-11-11 23:15:00,1231,MI,1,0,,True
9,15/DFW-LAX/WN3714,3,15,3,15,1,0,0,DFW,LAX,2024-11-12 20:00:00,2024-11-12 23:15:00,1231,MI,1,0,,True
9,15/DFW-LAX/WN3714,3,15,3,15,1,0,0,DFW,LAX,2024-11-13 20:00:00,2024-11-13 23:15:00,1231,MI,1,0,,True
9,15/DFW-LAX/WN3714,3,15,3,15,1,0,0,DFW,LAX,2024-11-14 20:00:00,2024-11-14 23:15:00,1231,MI,1,0,,True
9,15/DFW-LAX/WN3714,3,15,3,15,1,0,0,DFW,LAX,2024-11-15 20:00:00,2024-11-15 23:15:00,1231,MI,1,0,,True
9,15/DFW-LAX/WN3714,3,15,3,15,1,0,0,DFW,LAX,2024-11-16 20:00:00,2024-11-16 23:15:00,1231,MI,1,0,,True
9,15/DFW-LAX/WN3714,3,15,3,15,1,0,0,DFW,LAX,2024-11-17 20:00:00,2024-11-17 23:15:00,1231,MI,1,0,,True
10,15/DFW-LAX/AS3715,3,20,3,20,1,0,0,DFW,LAX,2024-10-19 22:00:00,2024-10-20 01:20:00,1231,MI,1,0,,True
10,15/DFW-LAX/AS3715,3,20,3,20,1,0,0,DFW,LAX,2024-10-20 22:00:00,2024-10-21 01:20:00,1231,MI,1,0,,True
10,15/DFW-LAX/AS3715,3,20,3,20,1,0,0,DFW,LAX,2024-10-21 22:00:00,2024-10-22 01:20:00,1231,MI,1,0,,True
10,15/DFW-LAX/AS3715,3,20,3,20,1,0,0,DFW,LAX,2024-10-22 22:00:00,2024-10-23 01:20:00,1231,MI,1,0,,True
10,15/DFW-LAX/AS3715,3,20,3,20,1,0,0,DFW,LAX,2024-10-23 22:00:00,2024-10-24 01:20:00,1231,MI,1,0,,True
10,15/DFW-LAX/AS3715,3,20,3,20,1,0,0,DFW,LAX,2024-10-24 22:00:00,2024-10-25 01:20:00,1231,MI,1,0,,True
10,15/DFW-LAX/AS3715,3,20,3,20,1,0,0,DFW,LAX,2024-10-25 22:00:00,2024-10-26 01:20:00,1231,MI,1,0,,True
10,15/DFW-LAX/AS3715,3,20,3,20,1,0,0,DFW,LAX,2024-10-26 22:00:00,2024-10-27 01:20:00,1231,MI,1,0,,True
10,15/DFW-LAX/AS3715,3,20,3,20,1,0,0,DFW,LAX,2024-10-27 22:00:00,2024-10-28 01:20:00,1231,MI,1,0,,True
10,15/DFW-LAX/AS3715,3,20,3,20,1,0,0,DFW,LAX,2024-10-28 22:00:00,2024-10-29 01:20:00,1231,MI,1,0,,True
10,15/DFW-LAX/AS3715,3,20,3,20,1,0,0,DFW,LAX,2024-10-29 22:00:00,2024-10-30 01:20:00,1231,MI,1,0,,True
10,15/DFW-LAX/AS3715,3,20,3,20,1,0,0,DFW,LAX,2024-10-30 22:00:00,2024-10-31 01:20:00,1231,MI,1,0,,True
10,15/DFW-LAX/AS3715,3,20,3,20,1,0,0,DFW,LAX,2024-10-31 22:00:00,2024-11-01 01:20:00,1231,MI,1,0,,True
10,15/DFW-LAX/AS3715,3,20,3,20,1,0,0,DFW,LAX,2024-11-01 22:00:00,2024-11-02 01:20:00,1231,MI,1,0,,True
10,15/DFW-LAX/AS3715,3,20,3,20,1,0,0,DFW,LAX,2024-11-02 22:00:00,2024-11-03 01:20:00,1231,MI,1,0,,True
10,15/DFW-LAX/AS3715,3,20,3,20,1,0,0,DFW,LAX,2024-11-03 22:00:00,2024-11-04 01:20:00,1231,MI,1,0,,True
10,15/DFW-LAX/AS3715,3,20,3,20,1,0,0,DFW,LAX,2024-11-04 22:00:00,2024-11-05 01:20:00,1231,MI,1,0,,True
10,15/DFW-LAX/AS3715,3,20,3,20,1,0,0,DFW,LAX,2024-11-05 22:00:00,2024-11-06 01:20:00,1231,MI,1,0,,True
10,15/DFW-LAX/AS3715,3,20,3,20,1,0,0,DFW,LAX,2024-11-06 22:00:00,2024-11-07 01:20:00,1231,MI,1,0,,True
10,15/DFW-LAX/AS3715,3,20,3,20,1,0,0,DFW,LAX,2024-11-07 22:00:00,2024-11-08 01:20:00,1231,MI,1,0,,True
10,15/DFW-LAX/AS3715,3,20,3,20,1,0,0,DFW,LAX,2024-11-08 22:00:00,2024-11-09 01:20:00,1231,MI,1,0,,True
10,15/DFW-LAX/AS3715,3,20,3,20,1,0,0,DFW,LAX,2024-11-09 22:00:00,2024-11-10 01:20:00,1231,MI,1,0,,True
10,15/DFW-LAX/AS3715,3,20,3,20,1,0,0,DFW,LAX,2024-11-10 22:00:00,2024-11-11 01:20:00,1231,MI,1,0,,True
10,15/DFW-LAX/AS3715,3,20,3,20,1,0,0,DFW,LAX,2024-11-11 22:00:00,2024-11-12 01:20:00,1231,MI,1,0,,True
10,15/DFW-LAX/AS3715,3,20,3,20,1,0,0,DFW,LAX,2024-11-12 22:00:00,2024-11-13 01:20:00,1231,MI,1,0,,True
10,15/DFW-LAX/AS3715,3,20,3,20,1,0,0,DFW,LAX,2024-11-13 22:00:00,2024-11-14 01:20:00,1231,MI,1,0,,True
10,15/DFW-LAX/AS3715,3,20,3,20,1,0,0,DFW,LAX,2024-11-14 22:00:00,2024-11-15 01:20:00,1231,MI,1,0,,True
10,15/DFW-LAX/AS3715,3,20,3,20,1,0,0,DFW,LAX,2024-11-15 22:00:00,2024-11-16 01:20:00,1231,MI,1,0,,True
10,15/DFW-LAX/AS3715,3,20,3,20,1,0,0,DFW,LAX,2024-11-16 22:00:00,2024-11-17 01:20:00,1231,MI,1,0,,True
10,15/DFW-LAX/AS3715,3,20,3,20,1,0,0,DFW,LAX,2024-11-17 22:00:00,2024-11-18 01:20:00,1231,MI,1,0,,True
11,15/LAX-SFO/WN3716,1,30,1,30,1,0,0,LAX,SFO,2024-10-16 06:00:00,2024-10-16 07:30:00,337,MI,1,0,,True
11,15/LAX-SFO/WN3716,1,30,1,30,1,0,0,LAX,SFO,2024-10-17 06:00:00,2024-10-17 07:30:00,337,MI,1,0,,True
11,15/LAX-SFO/WN3716,1,30,1,30,1,0,0,LAX,SFO,2024-10-18 06:00:00,2024-10-18 07:30:00,337,MI,1,0,,True
11,15/LAX-SFO/WN3716,1,30,1,30,1,0,0,LAX,SFO,2024-10-19 06:00:00,2024-10-19 07:30:00,337,MI,1,0,,True
11,15/LAX-SFO/WN3716,1,30,1,30,1,0,0,LAX,SFO,2024-10-20 06:00:00,2024-10-20 07:30:00,337,MI,1,0,,True
11,15/LAX-SFO/WN3716,1,30,1,30,1,0,0,LAX,SFO,2024-10-21 06:00:00,2024-10-21 07:30:00,337,MI,1,0,,True
11,15/LAX-SFO/WN3716,1,30,1,30,1,0,0,LAX,SFO,2024-10-22 06:00:00,2024-10-22 07:30:00,337,MI,1,0,,True
11,15/LAX-SFO/WN3716,1,30,1,30,1,0,0,LAX,SFO,2024-10-23 06:00:00,2024-10-23 07:30:00,337,MI,1,0,,True
11,15/LAX-SFO/WN3716,1,30,1,30,1,0,0,LAX,SFO,2024-10-24 06:00:00,2024-10-24 07:30:00,337,MI,1,0,,True
11,15/LAX-SFO/WN3716,1,30,1,30,1,0,0,LAX,SFO,2024-10-25 06:00:00,2024-10-25 07:30:00,337,MI,1,0,,True
11,15/LAX-SFO/WN3716,1,30,1,30,1,0,0,LAX,SFO,2024-10-26 06:00:00,2024-10-26 07:30:00,337,MI,1,0,,True
11,15/LAX-SFO/WN3716,1,30,1,30,1,0,0,LAX,SFO,2024-10-27 06:00:00,2024-10-27 07:30:00,337,MI,1,0,,True
11,15/LAX-SFO/WN3716,1,30,1,30,1,0,0,LAX,SFO,2024-10-28 06:00:00,2024-10-28 07:30:00,337,MI,1,0,,True
11,15/LAX-SFO/WN3716,1,30,1,30,1,0,0,LAX,SFO,2024-10-29 06:00:00,2024-10-29 07:30:00,337,MI,1,0,,True
11,15/LAX-SFO/WN3716,1,30,1,30,1,0,0,LAX,SFO,2024-10-30 06:00:00,2024-10-30 07:30:00,337,MI,1,0,,True
11,15/LAX-SFO/WN3716,1,30,1,30,1,0,0,LAX,SFO,2024-10-31 06:00:00,2024-10-31 07:30:00,337,MI,1,0,,True
11,15/LAX-SFO/WN3716,1,30,1,30,1,0,0,LAX,SFO,2024-11-01 06:00:00,2024-11-01 07:30:00,337,MI,1,0,,True
11,15/LAX-SFO/WN3716,1,30,1,30,1,0,0,LAX,SFO,2024-11-02 06:00:00,2024-11-02 07:30:00,337,MI,1,0,,True
11,15/LAX-SFO/WN3716,1,30,1,30,1,0,0,LAX,SFO,2024-11-03 06:00:00,2024-11-03 07:30:00,337,MI,1,0,,True
11,15/LAX-SFO/WN3716,1,30,1,30,1,0,0,LAX,SFO,2024-11-04 06:00:00,2024-11-04 07:30:00,337,MI,1,0,,True
11,15/LAX-SFO/WN3716,1,30,1,30,1,0,0,LAX,SFO,2024-11-05 06:00:00,2024-11-05 07:30:00,337,MI,1,0,,True
11,15/LAX-SFO/WN3716,1,30,1,30,1,0,0,LAX,SFO,2024-11-06 06:00:00,2024-11-06 07:30:00,337,MI,1,0,,True
11,15/LAX-SFO/WN3716,1,30,1,30,1,0,0,LAX,SFO,2024-11-07 06:00:00,2024-11-07 07:30:00,337,MI,1,0,,True
11,15/LAX-SFO/WN3716,1,30,1,30,1,0,0,LAX,SFO,2024-11-08 06:00:00,2024-11-08 07:30:00,337,MI,1,0,,True
11,15/LAX-SFO/WN3716,1,30,1,30,1,0,0,LAX,SFO,2024-11-09 06:00:00,2024-11-09 07:30:00,337,MI,1,0,,True
11,15/LAX-SFO/WN3716,1,30,1,30,1,0,0,LAX,SFO,2024-11-10 06:00:00,2024-11-10 07:30:00,337,MI,1,0,,True
11,15/LAX-SFO/WN3716,1,30,1,30,1,0,0,LAX,SFO,2024-11-11 06:00:00,2024-11-11 07:30:00,337,MI,1,0,,True
11,15/LAX-SFO/WN3716,1,30,1,30,1,0,0,LAX,SFO,2024-11-12 06:00:00,2024-11-12 07:30:00,337,MI,1,0,,True
11,15/LAX-SFO/WN3716,1,30,1,30,1,0,0,LAX,SFO,2024-11-13 06:00:00,2024-11-13 07:30:00,337,MI,1,0,,True
11,15/LAX-SFO/WN3716,1,30,1,30,1,0,0,LAX,SFO,2024-11-14 06:00:00,2024-11-14 07:30:00,337,MI,1,0,,True
12,15/LAX-SFO/AS3717,1,25,1,25,1,0,2,LAX,SFO,2024-10-16 09:00:00,2024-10-16 12:25:00,337,MI,1,0,,True
12,15/LAX-SFO/AS3717,1,25,1,25,1,0,2,LAX,SFO,2024-10-17 09:00:00,2024-10-17 12:25:00,337,MI,1,0,,True
12,15/LAX-SFO/AS3717,1,25,1,25,1,0,2,LAX,SFO,2024-10-18 09:00:00,2024-10-18 12:25:00,337,MI,1,0,,True
12,15/LAX-SFO/AS3717,1,25,1,25,1,0,2,LAX,SFO,2024-10-19 09:00:00,2024-10-19 12:25:00,337,MI,1,0,,True
12,15/LAX-SFO/AS3717,1,25,1,25,1,0,2,LAX,SFO,2024-10-20 09:00:00,2024-10-20 12:25:00,337,MI,1,0,,True
12,15/LAX-SFO/AS3717,1,25,1,25,1,0,2,LAX,SFO,2024-10-21 09:00:00,2024-10-21 12:25:00,337,MI,1,0,,True
12,15/LAX-SFO/AS3717,1,25,1,25,1,0,2,LAX,SFO,2024-10-22 09:00:00,2024-10-22 12:25:00,337,MI,1,0,,True
12,15/LAX-SFO/AS3717,1,25,1,25,1,0,2,LAX,SFO,2024-10-23 09:00:00,2024-10-23 12:25:00,337,MI,1,0,,True
12,15/LAX-SFO/AS3717,1,25,1,25,1,0,2,LAX,SFO,2024-10-24 09:00:00,2024-10-24 12:25:00,337,MI,1,0,,True
12,15/LAX-SFO/AS3717,1,25,1,25,1,0,2,LAX,SFO,2024-10-25 09:00:00,2024-10-25 12:25:00,337,MI,1,0,,True
12,15/LAX-SFO/AS3717,1,25,1,25,1,0,2,LAX,SFO,2024-10-26 09:00:00,2024-10-26 12:25:00,337,MI,1,0,,True
12,15/LAX-SFO/AS3717,1,25,1,25,1,0,2,LAX,SFO,2024-10-27 09:00:00,2024-10-27 12:25:00,337,MI,1,0,,True
12,15/LAX-SFO/AS3717,1,25,1,25,1,0,2,LAX,SFO,2024-10-28 09:00:00,2024-10-28 12:25:00,337,MI,1,0,,True
12,15/LAX-SFO/AS3717,1,25,1,25,1,0,2,LAX,SFO,2024-10-29 09:00:00,2024-10-29 12:25:00,337,MI,1,0,,True
12,15/LAX-SFO/AS3717,1,25,1,25,1,0,2,LAX,SFO,2024-10-30 09:00:00,2024-10-30 12:25:00,337,MI,1,0,,True
12,15/LAX-SFO/AS3717,1,25,1,25,1,0,2,LAX,SFO,2024-10-31 09:00:00,2024-10-31 12:25:00,337,MI,1,0,,True
12,15/LAX-SFO/AS3717,1,25,1,25,1,0,2,LAX,SFO,2024-11-01 09:00:00,2024-11-01 12:25:00,337,MI,1,0,,True
12,15/LAX-SFO/AS3717,1,25,1,25,1,0,2,LAX,SFO,2024-11-02 09:00:00,2024-11-02 12:25:00,337,MI,1,0,,True
12,15/LAX-SFO/AS3717,1,25,1,25,1,0,2,LAX,SFO,2024-11-03 09:00:00,2024-11-03 12:25:00,337,MI,1,0,,True
12,15/LAX-SFO/AS3717,1,25,1,25,1,0,2,LAX,SFO,2024-11-04 09:00:00,2024-11-04 12:25:00,337,MI,1,0,,True
12,15/LAX-SFO/AS3717,1,25,1,25,1,0,2,LAX,SFO,2024-11-05 09:00:00,2024-11-05 12:25:00,337,MI,1,0,,True
12,15/LAX-SFO/AS3717,1,25,1,25,1,0,2,LAX,SFO,2024-11-06 09:00:00,2024-11-06 12:25:00,337,MI,1,0,,True
12,15/LAX-SFO/AS3717,1,25,1,25,1,0,2,LAX,SFO,2024-11-07 09:00:00,2024-11-07 12:25:00,337,MI,1,0,,True
12,15/LAX-SFO/AS3717,1,25,1,25,1,0,2,LAX,SFO,2024-11-08 09:00:00,2024-11-08 12:25:00,337,MI,1,0,,True
12,15/LAX-SFO/AS3717,1,25,1,25,1,0,2,LAX,SFO,2024-11-09 09:00:00,2024-11-09 12:25:00,337,MI,1,0,,True
12,15/LAX-SFO/AS3717,1,25,1,25,1,0,2,LAX,SFO,2024-11-10 09:00:00,2024-11-10 12:25:00,337,MI,1,0,,True
12,15/LAX-SFO/AS3717,1,25,1,25,1,0,2,LAX,SFO,2024-11-11 09:00:00,2024-11-11 12:25:00,337,MI,1,0,,True
12,15/LAX-SFO/AS3717,1,25,1,25,1,0,2,LAX,SFO,2024-11-12 09:00:00,2024-11-12 12:25:00,337,MI,1,0,,True
12,15/LAX-SFO/AS3717,1,25,1,25,1,0,2,LAX,SFO,2024-11-13 09:00:00,2024-11-13 12:25:00,337,MI,1,0,,True
12,15/LAX-SFO/AS3717,1,25,1,25,1,0,2,LAX,SFO,2024-11-14 09:00:00,2024-11-14 12:25:00,337,MI,1,0,,True
13,15/LAX-SFO/UA3718,1,35,1,35,1,0,0,LAX,SFO,2024-10-17 12:00:00,2024-10-16 13:35:00,337,MI,1,0,,True
13,15/LAX-SFO/UA3718,1,35,1,35,1,0,0,LAX,SFO,2024-10-18 12:00:00,2024-10-17 13:35:00,337,MI,1,0,,True
13,15/LAX-SFO/UA3718,1,35,1,35,1,0,0,LAX,SFO,2024-10-19 12:00:00,2024-10-18 13:35:00,337,MI,1,0,,True
13,15/LAX-SFO/UA3718,1,35,1,35,1,0,0,LAX,SFO,2024-10-20 12:00:00,2024-10-19 13:35:00,337,MI,1,0,,True
13,15/LAX-SFO/UA3718,1,35,1,35,1,0,0,LAX,SFO,2024-10-21 12:00:00,2024-10-20 13:35:00,337,MI,1,0,,True
13,15/LAX-SFO/UA3718,1,35,1,35,1,0,0,LAX,SFO,2024-10-22 12:00:00,2024-10-21 13:35:00,337,MI,1,0,,True
13,15/LAX-SFO/UA3718,1,35,1,35,1,0,0,LAX,SFO,2024-10-23 12:00:00,2024-10-22 13:35:00,337,MI,1,0,,True
13,15/LAX-SFO/UA3718,1,35,1,35,1,0,0,LAX,SFO,2024-10-24 12:00:00,2024-10-23 13:35:00,337,MI,1,0,,True
13,15/LAX-SFO/UA3718,1,35,1,35,1,0,0,LAX,SFO,2024-10-25 12:00:00,2024-10-24 13:35:00,337,MI,1,0,,True
13,15/LAX-SFO/UA3718,1,35,1,35,1,0,0,LAX,SFO,2024-10-26 12:00:00,2024-10-25 13:35:00,337,MI,1,0,,True
13,15/LAX-SFO/UA3718,1,35,1,35,1,0,0,LAX,SFO,2024-10-27 12:00:00,2024-10-26 13:35:00,337,MI,1,0,,True
13,15/LAX-SFO/UA3718,1,35,1,35,1,0,0,LAX,SFO,2024-10-28 12:00:00,2024-10-27 13:35:00,337,MI,1,0,,True
13,15/LAX-SFO/UA3718,1,35,1,35,1,0,0,LAX,SFO,2024-10-29 12:00:00,2024-10-28 13:35:00,337,MI,1,0,,True
13,15/LAX-SFO/UA3718,1,35,1,35,1,0,0,LAX,SFO,2024-10-30 12:00:00,2024-10-29 13:35:00,337,MI,1,0,,True
13,15/LAX-SFO/UA3718,1,35,1,35,1,0,0,LAX,SFO,2024-10-31 12:00:00,2024-10-30 13:35:00,337,MI,1,0,,True
13,15/LAX-SFO/UA3718,1,35,1,35,1,0,0,LAX,SFO,2024-11-01 12:00:00,2024-10-31 13:35:00,337,MI,1,0,,True
13,15/LAX-SFO/UA3718,1,35,1,35,1,0,0,LAX,SFO,2024-11-02 12:00:00,2024-11-01 13:35:00,337,MI,1,0,,True
13,15/LAX-SFO/UA3718,1,35,1,35,1,0,0,LAX,SFO,2024-11-03 12:00:00,2024-11-02 13:35:00,337,MI,1,0,,True
13,15/LAX-SFO/UA3718,1,35,1,35,1,0,0,LAX,SFO,2024-11-04 12:00:00,2024-11-03 13:35:00,337,MI,1,0,,True
13,15/LAX-SFO/UA3718,1,35,1,35,1,0,0,LAX,SFO,2024-11-05 12:00:00,2024-11-04 13:35:00,337,MI,1,0,,True
13,15/LAX-SFO/UA3718,1,35,1,35,1,0,0,LAX,SFO,2024-11-06 12:00:00,2024-11-05 13:35:00,337,MI,1,0,,True
13,15/LAX-SFO/UA3718,1,35,1,35,1,0,0,LAX,SFO,2024-11-07 12:00:00,2024-11-06 13:35:00,337,MI,1,0,,True
13,15/LAX-SFO/UA3718,1,35,1,35,1,0,0,LAX,SFO,2024-11-08 12:00:00,2024-11-07 13:35:00,337,MI,1,0,,True
13,15/LAX-SFO/UA3718,1,35,1,35,1,0,0,LAX,SFO,2024-11-09 12:00:00,2024-11-08 13:35:00,337,MI,1,0,,True
13,15/LAX-SFO/UA3718,1,35,1,35,1,0,0,LAX,SFO,2024-11-10 12:00:00,2024-11-09 13:35:00,337,MI,1,0,,True
13,15/LAX-SFO/UA3718,1,35,1,35,1,0,0,LAX,SFO,2024-11-11 12:00:00,2024-11-10 13:35:00,337,MI,1,0,,True
13,15/LAX-SFO/UA3718,1,35,1,35,1,0,0,LAX,SFO,2024-11-12 12:00:00,2024-11-11 13:35:00,337,MI,1,0,,True
13,15/LAX-SFO/UA3718,1,35,1,35,1,0,0,LAX,SFO,2024-11-13 12:00:00,2024-11-12 13:35:00,337,MI,1,0,,True
13,15/LAX-SFO/UA3718,1,35,1,35,1,0,0,LAX,SFO,2024-11-14 12:00:00,2024-11-13 13:35:00,337,MI,1,0,,True
13,15/LAX-SFO/UA3718,1,35,1,35,1,0,0,LAX,SFO,2024-11-15 12:00:00,2024-11-14 13:35:00,337,MI,1,0,,True
14,15/LAX-SFO/NK3719,1,30,1,30,1,0,0,LAX,SFO,2024-10-17 16:00:00,2024-10-17 17:30:00,337,MI,1,0,,True
14,15/LAX-SFO/NK3719,1,30,1,30,1,0,0,LAX,SFO,2024-10-18 16:00:00,2024-10-18 17:30:00,337,MI,1,0,,True
14,15/LAX-SFO/NK3719,1,30,1,30,1,0,0,LAX,SFO,2024-10-19 16:00:00,2024-10-19 17:30:00,337,MI,1,0,,True
14,15/LAX-SFO/NK3719,1,30,1,30,1,0,0,LAX,SFO,2024-10-20 16:00:00,2024-10-20 17:30:00,337,MI,1,0,,True
14,15/LAX-SFO/NK3719,1,30,1,30,1,0,0,LAX,SFO,2024-10-21 16:00:00,2024-10-21 17:30:00,337,MI,1,0,,True
14,15/LAX-SFO/NK3719,1,30,1,30,1,0,0,LAX,SFO,2024-10-22 16:00:00,2024-10-22 17:30:00,337,MI,1,0,,True
14,15/LAX-SFO/NK3719,1,30,1,30,1,0,0,LAX,SFO,2024-10-23 16:00:00,2024-10-23 17:30:00,337,MI,1,0,,True
14,15/LAX-SFO/NK3719,1,30,1,30,1,0,0,LAX,SFO,2024-10-24 16:00:00,2024-10-24 17:30:00,337,MI,1,0,,True
14,15/LAX-SFO/NK3719,1,30,1,30,1,0,0,LAX,SFO,2024-10-25 16:00:00,2024-10-25 17:30:00,337,MI,1,0,,True
14,15/LAX-SFO/NK3719,1,30,1,30,1,0,0,LAX,SFO,2024-10-26 16:00:00,2024-10-26 17:30:00,337,MI,1,0,,True
14,15/LAX-SFO/NK3719,1,30,1,30,1,0,0,LAX,SFO,2024-10-27 16:00:00,2024-10-27 17:30:00,337,MI,1,0,,True
14,15/LAX-SFO/NK3719,1,30,1,30,1,0,0,LAX,SFO,2024-10-28 16:00:00,2024-10-28 17:30:00,337,MI,1,0,,True
14,15/LAX-SFO/NK3719,1,30,1,30,1,0,0,LAX,SFO,2024-10-29 16:00:00,2024-10-29 17:30:00,337,MI,1,0,,True
14,15/LAX-SFO/NK3719,1,30,1,30,1,0,0,LAX,SFO,2024-10-30 16:00:00,2024-10-30 17:30:00,337,MI,1,0,,True
14,15/LAX-SFO/NK3719,1,30,1,30,1,0,0,LAX,SFO,2024-10-31 16:00:00,2024-10-31 17:30:00,337,MI,1,0,,True
14,15/LAX-SFO/NK3719,1,30,1,30,1,0,0,LAX,SFO,2024-11-01 16:00:00,2024-11-01 17:30:00,337,MI,1,0,,True
14,15/LAX-SFO/NK3719,1,30,1,30,1,0,0,LAX,SFO,2024-11-02 16:00:00,2024-11-02 17:30:00,337,MI,1,0,,True
14,15/LAX-SFO/NK3719,1,30,1,30,1,0,0,LAX,SFO,2024-11-03 16:00:00,2024-11-03 17:30:00,337,MI,1,0,,True
14,15/LAX-SFO/NK3719,1,30,1,30,1,0,0,LAX,SFO,2024-11-04 16:00:00,2024-11-04 17:30:00,337,MI,1,0,,True
14,15/LAX-SFO/NK3719,1,30,1,30,1,0,0,LAX,SFO,2024-11-05 16:00:00,2024-11-05 17:30:00,337,MI,1,0,,True
14,15/LAX-SFO/NK3719,1,30,1,30,1,0,0,LAX,SFO,2024-11-06 16:00:00,2024-11-06 17:30:00,337,MI,1,0,,True
14,15/LAX-SFO/NK3719,1,30,1,30,1,0,0,LAX,SFO,2024-11-07 16:00:00,2024-11-07 17:30:00,337,MI,1,0,,True
14,15/LAX-SFO/NK3719,1,30,1,30,1,0,0,LAX,SFO,2024-11-08 16:00:00,2024-11-08 17:30:00,337,MI,1,0,,True
14,15/LAX-SFO/NK3719,1,30,1,30,1,0,0,LAX,SFO,2024-11-09 16:00:00,2024-11-09 17:30:00,337,MI,1,0,,True
14,15/LAX-SFO/NK3719,1,30,1,30,1,0,0,LAX,SFO,2024-11-10 16:00:00,2024-11-10 17:30:00,337,MI,1,0,,True
14,15/LAX-SFO/NK3719,1,30,1,30,1,0,0,LAX,SFO,2024-11-11 16:00:00,2024-11-11 17:30:00,337,MI,1,0,,True
14,15/LAX-SFO/NK3719,1,30,1,30,1,0,0,LAX,SFO,2024-11-12 16:00:00,2024-11-12 17:30:00,337,MI,1,0,,True
14,15/LAX-SFO/NK3719,1,30,1,30,1,0,0,LAX,SFO,2024-11-13 16:00:00,2024-11-13 17:30:00,337,MI,1,0,,True
14,15/LAX-SFO/NK3719,1,30,1,30,1,0,0,LAX,SFO,2024-11-14 16:00:00,2024-11-14 17:30:00,337,MI,1,0,,True
14,15/LAX-SFO/NK3719,1,30,1,30,1,0,0,LAX,SFO,2024-11-15 16:00:00,2024-11-15 17:30:00,337,MI,1,0,,True
15,15/LAX-SFO/DL3720,1,40,1,40,1,0,1,LAX,SFO,2024-10-18 19:00:00,2024-10-18 21:40:00,337,MI,1,0,,True
15,15/LAX-SFO/DL3720,1,40,1,40,1,0,1,LAX,SFO,2024-10-19 19:00:00,2024-10-19 21:40:00,337,MI,1,0,,True
15,15/LAX-SFO/DL3720,1,40,1,40,1,0,1,LAX,SFO,2024-10-20 19:00:00,2024-10-20 21:40:00,337,MI,1,0,,True
15,15/LAX-SFO/DL3720,1,40,1,40,1,0,1,LAX,SFO,2024-10-21 19:00:00,2024-10-21 21:40:00,337,MI,1,0,,True
15,15/LAX-SFO/DL3720,1,40,1,40,1,0,1,LAX,SFO,2024-10-22 19:00:00,2024-10-22 21:40:00,337,MI,1,0,,True
15,15/LAX-SFO/DL3720,1,40,1,40,1,0,1,LAX,SFO,2024-10-23 19:00:00,2024-10-23 21:40:00,337,MI,1,0,,True
15,15/LAX-SFO/DL3720,1,40,1,40,1,0,1,LAX,SFO,2024-10-24 19:00:00,2024-10-24 21:40:00,337,MI,1,0,,True
15,15/LAX-SFO/DL3720,1,40,1,40,1,0,1,LAX,SFO,2024-10-25 19:00:00,2024-10-25 21:40:00,337,MI,1,0,,True
15,15/LAX-SFO/DL3720,1,40,1,40,1,0,1,LAX,SFO,2024-10-26 19:00:00,2024-10-26 21:40:00,337,MI,1,0,,True
15,15/LAX-SFO/DL3720,1,40,1,40,1,0,1,LAX,SFO,2024-10-27 19:00:00,2024-10-27 21:40:00,337,MI,1,0,,True
15,15/LAX-SFO/DL3720,1,40,1,40,1,0,1,LAX,SFO,2024-10-28 19:00:00,2024-10-28 21:40:00,337,MI,1,0,,True
15,15/LAX-SFO/DL3720,1,40,1,40,1,0,1,LAX,SFO,2024-10-29 19:00:00,2024-10-29 21:40:00,337,MI,1,0,,True
15,15/LAX-SFO/DL3720,1,40,1,40,1,0,1,LAX,SFO,2024-10-30 19:00:00,2024-10-30 21:40:00,337,MI,1,0,,True
15,15/LAX-SFO/DL3720,1,40,1,40,1,0,1,LAX,SFO,2024-10-31 19:00:00,2024-10-31 21:40:00,337,MI,1,0,,True
15,15/LAX-SFO/DL3720,1,40,1,40,1,0,1,LAX,SFO,2024-11-01 19:00:00,2024-11-01 21:40:00,337,MI,1,0,,True
15,15/LAX-SFO/DL3720,1,40,1,40,1,0,1,LAX,SFO,2024-11-02 19:00:00,2024-11-02 21:40:00,337,MI,1,0,,True
15,15/LAX-SFO/DL3720,1,40,1,40,1,0,1,LAX,SFO,2024-11-03 19:00:00,2024-11-03 21:40:00,337,MI,1,0,,True
15,15/LAX-SFO/DL3720,1,40,1,40,1,0,1,LAX,SFO,2024-11-04 19:00:00,2024-11-04 21:40:00,337,MI,1,0,,True
15,15/LAX-SFO/DL3720,1,40,1,40,1,0,1,LAX,SFO,2024-11-05 19:00:00,2024-11-05 21:40:00,337,MI,1,0,,True
15,15/LAX-SFO/DL3720,1,40,1,40,1,0,1,LAX,SFO,2024-11-06 19:00:00,2024-11-06 21:40:00,337,MI,1,0,,True
15,15/LAX-SFO/DL3720,1,40,1,40,1,0,1,LAX,SFO,2024-11-07 19:00:00,2024-11-07 21:40:00,337,MI,1,0,,True
15,15/LAX-SFO/DL3720,1,40,1,40,1,0,1,LAX,SFO,2024-11-08 19:00:00,2024-11-08 21:40:00,337,MI,1,0,,True
15,15/LAX-SFO/DL3720,1,40,1,40,1,0,1,LAX,SFO,2024-11-09 19:00:00,2024-11-09 21:40:00,337,MI,1,0,,True
15,15/LAX-SFO/DL3720,1,40,1,40,1,0,1,LAX,SFO,2024-11-10 19:00:00,2024-11-10 21:40:00,337,MI,1,0,,True
15,15/LAX-SFO/DL3720,1,40,1,40,1,0,1,LAX,SFO,2024-11-11 19:00:00,2024-11-11 21:40:00,337,MI,1,0,,True
15,15/LAX-SFO/DL3720,1,40,1,40,1,0,1,LAX,SFO,2024-11-12 19:00:00,2024-11-12 21:40:00,337,MI,1,0,,True
15,15/LAX-SFO/DL3720,1,40,1,40,1,0,1,LAX,SFO,2024-11-13 19:00:00,2024-11-13 21:40:00,337,MI,1,0,,True
15,15/LAX-SFO/DL3720,1,40,1,40,1,0,1,LAX,SFO,2024-11-14 19:00:00,2024-11-14 21:40:00,337,MI,1,0,,True
15,15/LAX-SFO/DL3720,1,40,1,40,1,0,1,LAX,SFO,2024-11-15 19:00:00,2024-11-15 21:40:00,337,MI,1,0,,True
15,15/LAX-SFO/DL3720,1,40,1,40,1,0,1,LAX,SFO,2024-11-16 19:00:00,2024-11-16 21:40:00,337,MI,1,0,,True
16,15/SFO-LAX/DL3721,1,30,1,30,1,0,0,SFO,LAX,2024-10-17 06:00:00,2024-10-17 07:30:00,337,MI,1,0,,True
16,15/SFO-LAX/DL3721,1,30,1,30,1,0,0,SFO,LAX,2024-10-18 06:00:00,2024-10-18 07:30:00,337,MI,1,0,,True
16,15/SFO-LAX/DL3721,1,30,1,30,1,0,0,SFO,LAX,2024-10-19 06:00:00,2024-10-19 07:30:00,337,MI,1,0,,True
16,15/SFO-LAX/DL3721,1,30,1,30,1,0,0,SFO,LAX,2024-10-20 06:00:00,2024-10-20 07:30:00,337,MI,1,0,,True
16,15/SFO-LAX/DL3721,1,30,1,30,1,0,0,SFO,LAX,2024-10-21 06:00:00,2024-10-21 07:30:00,337,MI,1,0,,True
16,15/SFO-LAX/DL3721,1,30,1,30,1,0,0,SFO,LAX,2024-10-22 06:00:00,2024-10-22 07:30:00,337,MI,1,0,,True
16,15/SFO-LAX/DL3721,1,30,1,30,1,0,0,SFO,LAX,2024-10-23 06:00:00,2024-10-23 07:30:00,337,MI,1,0,,True
16,15/SFO-LAX/DL3721,1,30,1,30,1,0,0,SFO,LAX,2024-10-24 06:00:00,2024-10-24 07:30:00,337,MI,1,0,,True
16,15/SFO-LAX/DL3721,1,30,1,30,1,0,0,SFO,LAX,2024-10-25 06:00:00,2024-10-25 07:30:00,337,MI,1,0,,True
16,15/SFO-LAX/DL3721,1,30,1,30,1,0,0,SFO,LAX,2024-10-26 06:00:00,2024-10-26 07:30:00,337,MI,1,0,,True
16,15/SFO-LAX/DL3721,1,30,1,30,1,0,0,SFO,LAX,2024-10-27 06:00:00,2024-10-27 07:30:00,337,MI,1,0,,True
16,15/SFO-LAX/DL3721,1,30,1,30,1,0,0,SFO,LAX,2024-10-28 06:00:00,2024-10-28 07:30:00,337,MI,1,0,,True
16,15/SFO-LAX/DL3721,1,30,1,30,1,0,0,SFO,LAX,2024-10-29 06:00:00,2024-10-29 07:30:00,337,MI,1,0,,True
16,15/SFO-LAX/DL3721,1,30,1,30,1,0,0,SFO,LAX,2024-10-30 06:00:00,2024-10-30 07:30:00,337,MI,1,0,,True
16,15/SFO-LAX/DL3721,1,30,1,30,1,0,0,SFO,LAX,2024-10-31 06:00:00,2024-10-31 07:30:00,337,MI,1,0,,True
16,15/SFO-LAX/DL3721,1,30,1,30,1,0,0,SFO,LAX,2024-11-01 06:00:00,2024-11-01 07:30:00,337,MI,1,0,,True
16,15/SFO-LAX/DL3721,1,30,1,30,1,0,0,SFO,LAX,2024-11-02 06:00:00,2024-11-02 07:30:00,337,MI,1,0,,True
16,15/SFO-LAX/DL3721,1,30,1,30,1,0,0,SFO,LAX,2024-11-03 06:00:00,2024-11-03 07:30:00,337,MI,1,0,,True
16,15/SFO-LAX/DL3721,1,30,1,30,1,0,0,SFO,LAX,2024-11-04 06:00:00,2024-11-04 07:30:00,337,MI,1,0,,True
16,15/SFO-LAX/DL3721,1,30,1,30,1,0,0,SFO,LAX,2024-11-05 06:00:00,2024-11-05 07:30:00,337,MI,1,0,,True
16,15/SFO-LAX/DL3721,1,30,1,30,1,0,0,SFO,LAX,2024-11-06 06:00:00,2024-11-06 07:30:00,337,MI,1,0,,True
16,15/SFO-LAX/DL3721,1,30,1,30,1,0,0,SFO,LAX,2024-11-07 06:00:00,2024-11-07 07:30:00,337,MI,1,0,,True
16,15/SFO-LAX/DL3721,1,30,1,30,1,0,0,SFO,LAX,2024-11-08 06:00:00,2024-11-08 07:30:00,337,MI,1,0,,True
16,15/SFO-LAX/DL3721,1,30,1,30,1,0,0,SFO,LAX,2024-11-09 06:00:00,2024-11-09 07:30:00,337,MI,1,0,,True
16,15/SFO-LAX/DL3721,1,30,1,30,1,0,0,SFO,LAX,2024-11-10 06:00:00,2024-11-10 07:30:00,337,MI,1,0,,True
16,15/SFO-LAX/DL3721,1,30,1,30,1,0,0,SFO,LAX,2024-11-11 06:00:00,2024-11-11 07:30:00,337,MI,1,0,,True
16,15/SFO-LAX/DL3721,1,30,1,30,1,0,0,SFO,LAX,2024-11-12 06:00:00,2024-11-12 07:30:00,337,MI,1,0,,True
16,15/SFO-LAX/DL3721,1,30,1,30,1,0,0,SFO,LAX,2024-11-13 06:00:00,2024-11-13 07:30:00,337,MI,1,0,,True
16,15/SFO-LAX/DL3721,1,30,1,30,1,0,0,SFO,LAX,2024-11-14 06:00:00,2024-11-14 07:30:00,337,MI,1,0,,True
16,15/SFO-LAX/DL3721,1,30,1,30,1,0,0,SFO,LAX,2024-11-15 06:00:00,2024-11-15 07:30:00,337,MI,1,0,,True
17,15/SFO-LAX/AS3722,1,25,1,25,1,0,0,SFO,LAX,2024-10-18 09:00:00,2024-10-18 10:25:00,337,MI,1,0,,True
17,15/SFO-LAX/AS3722,1,25,1,25,1,0,0,SFO,LAX,2024-10-19 09:00:00,2024-10-19 10:25:00,337,MI,1,0,,True
17,15/SFO-LAX/AS3722,1,25,1,25,1,0,0,SFO,LAX,2024-10-20 09:00:00,2024-10-20 10:25:00,337,MI,1,0,,True
17,15/SFO-LAX/AS3722,1,25,1,25,1,0,0,SFO,LAX,2024-10-21 09:00:00,2024-10-21 10:25:00,337,MI,1,0,,True
17,15/SFO-LAX/AS3722,1,25,1,25,1,0,0,SFO,LAX,2024-10-22 09:00:00,2024-10-22 10:25:00,337,MI,1,0,,True
17,15/SFO-LAX/AS3722,1,25,1,25,1,0,0,SFO,LAX,2024-10-23 09:00:00,2024-10-23 10:25:00,337,MI,1,0,,True
17,15/SFO-LAX/AS3722,1,25,1,25,1,0,0,SFO,LAX,2024-10-24 09:00:00,2024-10-24 10:25:00,337,MI,1,0,,True
17,15/SFO-LAX/AS3722,1,25,1,25,1,0,0,SFO,LAX,2024-10-25 09:00:00,2024-10-25 10:25:00,337,MI,1,0,,True
17,15/SFO-LAX/AS3722,1,25,1,25,1,0,0,SFO,LAX,2024-10-26 09:00:00,2024-10-26 10:25:00,337,MI,1,0,,True
17,15/SFO-LAX/AS3722,1,25,1,25,1,0,0,SFO,LAX,2024-10-27 09:00:00,2024-10-27 10:25:00,337,MI,1,0,,True
17,15/SFO-LAX/AS3722,1,25,1,25,1,0,0,SFO,LAX,2024-10-28 09:00:00,2024-10-28 10:25:00,337,MI,1,0,,True
17,15/SFO-LAX/AS3722,1,25,1,25,1,0,0,SFO,LAX,2024-10-29 09:00:00,2024-10-29 10:25:00,337,MI,1,0,,True
17,15/SFO-LAX/AS3722,1,25,1,25,1,0,0,SFO,LAX,2024-10-30 09:00:00,2024-10-30 10:25:00,337,MI,1,0,,True
17,15/SFO-LAX/AS3722,1,25,1,25,1,0,0,SFO,LAX,2024-10-31 09:00:00,2024-10-31 10:25:00,337,MI,1,0,,True
17,15/SFO-LAX/AS3722,1,25,1,25,1,0,0,SFO,LAX,2024-11-01 09:00:00,2024-11-01 10:25:00,337,MI,1,0,,True
17,15/SFO-LAX/AS3722,1,25,1,25,1,0,0,SFO,LAX,2024-11-02 09:00:00,2024-11-02 10:25:00,337,MI,1,0,,True
17,15/SFO-LAX/AS3722,1,25,1,25,1,0,0,SFO,LAX,2024-11-03 09:00:00,2024-11-03 10:25:00,337,MI,1,0,,True
17,15/SFO-LAX/AS3722,1,25,1,25,1,0,0,SFO,LAX,2024-11-04 09:00:00,2024-11-04 10:25:00,337,MI,1,0,,True
17,15/SFO-LAX/AS3722,1,25,1,25,1,0,0,SFO,LAX,2024-11-05 09:00:00,2024-11-05 10:25:00,337,MI,1,0,,True
17,15/SFO-LAX/AS3722,1,25,1,25,1,0,0,SFO,LAX,2024-11-06 09:00:00,2024-11-06 10:25:00,337,MI,1,0,,True
17,15/SFO-LAX/AS3722,1,25,1,25,1,0,0,SFO,LAX,2024-11-07 09:00:00,2024-11-07 10:25:00,337,MI,1,0,,True
17,15/SFO-LAX/AS3722,1,25,1,25,1,0,0,SFO,LAX,2024-11-08 09:00:00,2024-11-08 10:25:00,337,MI,1,0,,True
17,15/SFO-LAX/AS3722,1,25,1,25,1,0,0,SFO,LAX,2024-11-09 09:00:00,2024-11-09 10:25:00,337,MI,1,0,,True
17,15/SFO-LAX/AS3722,1,25,1,25,1,0,0,SFO,LAX,2024-11-10 09:00:00,2024-11-10 10:25:00,337,MI,1,0,,True
17,15/SFO-LAX/AS3722,1,25,1,25,1,0,0,SFO,LAX,2024-11-11 09:00:00,2024-11-11 10:25:00,337,MI,1,0,,True
17,15/SFO-LAX/AS3722,1,25,1,25,1,0,0,SFO,LAX,2024-11-12 09:00:00,2024-11-12 10:25:00,337,MI,1,0,,True
17,15/SFO-LAX/AS3722,1,25,1,25,1,0,0,SFO,LAX,2024-11-13 09:00:00,2024-11-13 10:25:00,337,MI,1,0,,True
17,15/SFO-LAX/AS3722,1,25,1,25,1,0,0,SFO,LAX,2024-11-14 09:00:00,2024-11-14 10:25:00,337,MI,1,0,,True
17,15/SFO-LAX/AS3722,1,25,1,25,1,0,0,SFO,LAX,2024-11-15 09:00:00,2024-11-15 10:25:00,337,MI,1,0,,True
17,15/SFO-LAX/AS3722,1,25,1,25,1,0,0,SFO,LAX,2024-11-16 09:00:00,2024-11-16 10:25:00,337,MI,1,0,,True
18,15/SFO-LAX/UA3723,1,35,1,35,1,0,0,SFO,LAX,2024-10-17 12:00:00,2024-10-17 13:35:00,337,MI,1,0,,True
18,15/SFO-LAX/UA3723,1,35,1,35,1,0,0,SFO,LAX,2024-10-18 12:00:00,2024-10-18 13:35:00,337,MI,1,0,,True
18,15/SFO-LAX/UA3723,1,35,1,35,1,0,0,SFO,LAX,2024-10-19 12:00:00,2024-10-19 13:35:00,337,MI,1,0,,True
18,15/SFO-LAX/UA3723,1,35,1,35,1,0,0,SFO,LAX,2024-10-20 12:00:00,2024-10-20 13:35:00,337,MI,1,0,,True
18,15/SFO-LAX/UA3723,1,35,1,35,1,0,0,SFO,LAX,2024-10-21 12:00:00,2024-10-21 13:35:00,337,MI,1,0,,True
18,15/SFO-LAX/UA3723,1,35,1,35,1,0,0,SFO,LAX,2024-10-22 12:00:00,2024-10-22 13:35:00,337,MI,1,0,,True
18,15/SFO-LAX/UA3723,1,35,1,35,1,0,0,SFO,LAX,2024-10-23 12:00:00,2024-10-23 13:35:00,337,MI,1,0,,True
18,15/SFO-LAX/UA3723,1,35,1,35,1,0,0,SFO,LAX,2024-10-24 12:00:00,2024-10-24 13:35:00,337,MI,1,0,,True
18,15/SFO-LAX/UA3723,1,35,1,35,1,0,0,SFO,LAX,2024-10-25 12:00:00,2024-10-25 13:35:00,337,MI,1,0,,True
18,15/SFO-LAX/UA3723,1,35,1,35,1,0,0,SFO,LAX,2024-10-26 12:00:00,2024-10-26 13:35:00,337,MI,1,0,,True
18,15/SFO-LAX/UA3723,1,35,1,35,1,0,0,SFO,LAX,2024-10-27 12:00:00,2024-10-27 13:35:00,337,MI,1,0,,True
18,15/SFO-LAX/UA3723,1,35,1,35,1,0,0,SFO,LAX,2024-10-28 12:00:00,2024-10-28 13:35:00,337,MI,1,0,,True
18,15/SFO-LAX/UA3723,1,35,1,35,1,0,0,SFO,LAX,2024-10-29 12:00:00,2024-10-29 13:35:00,337,MI,1,0,,True
18,15/SFO-LAX/UA3723,1,35,1,35,1,0,0,SFO,LAX,2024-10-30 12:00:00,2024-10-30 13:35:00,337,MI,1,0,,True
18,15/SFO-LAX/UA3723,1,35,1,35,1,0,0,SFO,LAX,2024-10-31 12:00:00,2024-10-31 13:35:00,337,MI,1,0,,True
18,15/SFO-LAX/UA3723,1,35,1,35,1,0,0,SFO,LAX,2024-11-01 12:00:00,2024-11-01 13:35:00,337,MI,1,0,,True
18,15/SFO-LAX/UA3723,1,35,1,35,1,0,0,SFO,LAX,2024-11-02 12:00:00,2024-11-02 13:35:00,337,MI,1,0,,True
18,15/SFO-LAX/UA3723,1,35,1,35,1,0,0,SFO,LAX,2024-11-03 12:00:00,2024-11-03 13:35:00,337,MI,1,0,,True
18,15/SFO-LAX/UA3723,1,35,1,35,1,0,0,SFO,LAX,2024-11-04 12:00:00,2024-11-04 13:35:00,337,MI,1,0,,True
18,15/SFO-LAX/UA3723,1,35,1,35,1,0,0,SFO,LAX,2024-11-05 12:00:00,2024-11-05 13:35:00,337,MI,1,0,,True
18,15/SFO-LAX/UA3723,1,35,1,35,1,0,0,SFO,LAX,2024-11-06 12:00:00,2024-11-06 13:35:00,337,MI,1,0,,True
18,15/SFO-LAX/UA3723,1,35,1,35,1,0,0,SFO,LAX,2024-11-07 12:00:00,2024-11-07 13:35:00,337,MI,1,0,,True
18,15/SFO-LAX/UA3723,1,35,1,35,1,0,0,SFO,LAX,2024-11-08 12:00:00,2024-11-08 13:35:00,337,MI,1,0,,True
18,15/SFO-LAX/UA3723,1,35,1,35,1,0,0,SFO,LAX,2024-11-09 12:00:00,2024-11-09 13:35:00,337,MI,1,0,,True
18,15/SFO-LAX/UA3723,1,35,1,35,1,0,0,SFO,LAX,2024-11-10 12:00:00,2024-11-10 13:35:00,337,MI,1,0,,True
18,15/SFO-LAX/UA3723,1,35,1,35,1,0,0,SFO,LAX,2024-11-11 12:00:00,2024-11-11 13:35:00,337,MI,1,0,,True
18,15/SFO-LAX/UA3723,1,35,1,35,1,0,0,SFO,LAX,2024-11-12 12:00:00,2024-11-12 13:35:00,337,MI,1,0,,True
18,15/SFO-LAX/UA3723,1,35,1,35,1,0,0,SFO,LAX,2024-11-13 12:00:00,2024-11-13 13:35:00,337,MI,1,0,,True
18,15/SFO-LAX/UA3723,1,35,1,35,1,0,0,SFO,LAX,2024-11-14 12:00:00,2024-11-14 13:35:00,337,MI,1,0,,True
18,15/SFO-LAX/UA3723,1,35,1,35,1,0,0,SFO,LAX,2024-11-15 12:00:00,2024-11-15 13:35:00,337,MI,1,0,,True
19,15/SFO-LAX/NK3724,1,30,1,30,1,0,0,SFO,LAX,2024-10-18 16:00:00,2024-10-18 17:30:00,337,MI,1,0,,True
19,15/SFO-LAX/NK3724,1,30,1,30,1,0,0,SFO,LAX,2024-10-19 16:00:00,2024-10-19 17:30:00,337,MI,1,0,,True
19,15/SFO-LAX/NK3724,1,30,1,30,1,0,0,SFO,LAX,2024-10-20 16:00:00,2024-10-20 17:30:00,337,MI,1,0,,True
19,15/SFO-LAX/NK3724,1,30,1,30,1,0,0,SFO,LAX,2024-10-21 16:00:00,2024-10-21 17:30:00,337,MI,1,0,,True
19,15/SFO-LAX/NK3724,1,30,1,30,1,0,0,SFO,LAX,2024-10-22 16:00:00,2024-10-22 17:30:00,337,MI,1,0,,True
19,15/SFO-LAX/NK3724,1,30,1,30,1,0,0,SFO,LAX,2024-10-23 16:00:00,2024-10-23 17:30:00,337,MI,1,0,,True
19,15/SFO-LAX/NK3724,1,30,1,30,1,0,0,SFO,LAX,2024-10-24 16:00:00,2024-10-24 17:30:00,337,MI,1,0,,True
19,15/SFO-LAX/NK3724,1,30,1,30,1,0,0,SFO,LAX,2024-10-25 16:00:00,2024-10-25 17:30:00,337,MI,1,0,,True
19,15/SFO-LAX/NK3724,1,30,1,30,1,0,0,SFO,LAX,2024-10-26 16:00:00,2024-10-26 17:30:00,337,MI,1,0,,True
19,15/SFO-LAX/NK3724,1,30,1,30,1,0,0,SFO,LAX,2024-10-27 16:00:00,2024-10-27 17:30:00,337,MI,1,0,,True
19,15/SFO-LAX/NK3724,1,30,1,30,1,0,0,SFO,LAX,2024-10-28 16:00:00,2024-10-28 17:30:00,337,MI,1,0,,True
19,15/SFO-LAX/NK3724,1,30,1,30,1,0,0,SFO,LAX,2024-10-29 16:00:00,2024-10-29 17:30:00,337,MI,1,0,,True
19,15/SFO-LAX/NK3724,1,30,1,30,1,0,0,SFO,LAX,2024-10-30 16:00:00,2024-10-30 17:30:00,337,MI,1,0,,True
19,15/SFO-LAX/NK3724,1,30,1,30,1,0,0,SFO,LAX,2024-10-31 16:00:00,2024-10-31 17:30:00,337,MI,1,0,,True
19,15/SFO-LAX/NK3724,1,30,1,30,1,0,0,SFO,LAX,2024-11-01 16:00:00,2024-11-01 17:30:00,337,MI,1,0,,True
19,15/SFO-LAX/NK3724,1,30,1,30,1,0,0,SFO,LAX,2024-11-02 16:00:00,2024-11-02 17:30:00,337,MI,1,0,,True
19,15/SFO-LAX/NK3724,1,30,1,30,1,0,0,SFO,LAX,2024-11-03 16:00:00,2024-11-03 17:30:00,337,MI,1,0,,True
19,15/SFO-LAX/NK3724,1,30,1,30,1,0,0,SFO,LAX,2024-11-04 16:00:00,2024-11-04 17:30:00,337,MI,1,0,,True
19,15/SFO-LAX/NK3724,1,30,1,30,1,0,0,SFO,LAX,2024-11-05 16:00:00,2024-11-05 17:30:00,337,MI,1,0,,True
19,15/SFO-LAX/NK3724,1,30,1,30,1,0,0,SFO,LAX,2024-11-06 16:00:00,2024-11-06 17:30:00,337,MI,1,0,,True
19,15/SFO-LAX/NK3724,1,30,1,30,1,0,0,SFO,LAX,2024-11-07 16:00:00,2024-11-07 17:30:00,337,MI,1,0,,True
19,15/SFO-LAX/NK3724,1,30,1,30,1,0,0,SFO,LAX,2024-11-08 16:00:00,2024-11-08 17:30:00,337,MI,1,0,,True
19,15/SFO-LAX/NK3724,1,30,1,30,1,0,0,SFO,LAX,2024-11-09 16:00:00,2024-11-09 17:30:00,337,MI,1,0,,True
19,15/SFO-LAX/NK3724,1,30,1,30,1,0,0,SFO,LAX,2024-11-10 16:00:00,2024-11-10 17:30:00,337,MI,1,0,,True
19,15/SFO-LAX/NK3724,1,30,1,30,1,0,0,SFO,LAX,2024-11-11 16:00:00,2024-11-11 17:30:00,337,MI,1,0,,True
19,15/SFO-LAX/NK3724,1,30,1,30,1,0,0,SFO,LAX,2024-11-12 16:00:00,2024-11-12 17:30:00,337,MI,1,0,,True
19,15/SFO-LAX/NK3724,1,30,1,30,1,0,0,SFO,LAX,2024-11-13 16:00:00,2024-11-13 17:30:00,337,MI,1,0,,True
19,15/SFO-LAX/NK3724,1,30,1,30,1,0,0,SFO,LAX,2024-11-14 16:00:00,2024-11-14 17:30:00,337,MI,1,0,,True
19,15/SFO-LAX/NK3724,1,30,1,30,1,0,0,SFO,LAX,2024-11-15 16:00:00,2024-11-15 17:30:00,337,MI,1,0,,True
19,15/SFO-LAX/NK3724,1,30,1,30,1,0,0,SFO,LAX,2024-11-16 16:00:00,2024-11-16 17:30:00,337,MI,1,0,,True
20,15/SFO-LAX/WN3725,1,40,1,40,1,0,0,SFO,LAX,2024-10-20 19:00:00,2024-10-20 20:40:00,337,MI,1,0,,True
20,15/SFO-LAX/WN3725,1,40,1,40,1,0,0,SFO,LAX,2024-10-21 19:00:00,2024-10-21 20:40:00,337,MI,1,0,,True
20,15/SFO-LAX/WN3725,1,40,1,40,1,0,0,SFO,LAX,2024-10-22 19:00:00,2024-10-22 20:40:00,337,MI,1,0,,True
20,15/SFO-LAX/WN3725,1,40,1,40,1,0,0,SFO,LAX,2024-10-23 19:00:00,2024-10-23 20:40:00,337,MI,1,0,,True
20,15/SFO-LAX/WN3725,1,40,1,40,1,0,0,SFO,LAX,2024-10-24 19:00:00,2024-10-24 20:40:00,337,MI,1,0,,True
20,15/SFO-LAX/WN3725,1,40,1,40,1,0,0,SFO,LAX,2024-10-25 19:00:00,2024-10-25 20:40:00,337,MI,1,0,,True
20,15/SFO-LAX/WN3725,1,40,1,40,1,0,0,SFO,LAX,2024-10-26 19:00:00,2024-10-26 20:40:00,337,MI,1,0,,True
20,15/SFO-LAX/WN3725,1,40,1,40,1,0,0,SFO,LAX,2024-10-27 19:00:00,2024-10-27 20:40:00,337,MI,1,0,,True
20,15/SFO-LAX/WN3725,1,40,1,40,1,0,0,SFO,LAX,2024-10-28 19:00:00,2024-10-28 20:40:00,337,MI,1,0,,True
20,15/SFO-LAX/WN3725,1,40,1,40,1,0,0,SFO,LAX,2024-10-29 19:00:00,2024-10-29 20:40:00,337,MI,1,0,,True
20,15/SFO-LAX/WN3725,1,40,1,40,1,0,0,SFO,LAX,2024-10-30 19:00:00,2024-10-30 20:40:00,337,MI,1,0,,True
20,15/SFO-LAX/WN3725,1,40,1,40,1,0,0,SFO,LAX,2024-10-31 19:00:00,2024-10-31 20:40:00,337,MI,1,0,,True
20,15/SFO-LAX/WN3725,1,40,1,40,1,0,0,SFO,LAX,2024-11-01 19:00:00,2024-11-01 20:40:00,337,MI,1,0,,True
20,15/SFO-LAX/WN3725,1,40,1,40,1,0,0,SFO,LAX,2024-11-02 19:00:00,2024-11-02 20:40:00,337,MI,1,0,,True
20,15/SFO-LAX/WN3725,1,40,1,40,1,0,0,SFO,LAX,2024-11-03 19:00:00,2024-11-03 20:40:00,337,MI,1,0,,True
20,15/SFO-LAX/WN3725,1,40,1,40,1,0,0,SFO,LAX,2024-11-04 19:00:00,2024-11-04 20:40:00,337,MI,1,0,,True
20,15/SFO-LAX/WN3725,1,40,1,40,1,0,0,SFO,LAX,2024-11-05 19:00:00,2024-11-05 20:40:00,337,MI,1,0,,True
20,15/SFO-LAX/WN3725,1,40,1,40,1,0,0,SFO,LAX,2024-11-06 19:00:00,2024-11-06 20:40:00,337,MI,1,0,,True
20,15/SFO-LAX/WN3725,1,40,1,40,1,0,0,SFO,LAX,2024-11-07 19:00:00,2024-11-07 20:40:00,337,MI,1,0,,True
20,15/SFO-LAX/WN3725,1,40,1,40,1,0,0,SFO,LAX,2024-11-08 19:00:00,2024-11-08 20:40:00,337,MI,1,0,,True
20,15/SFO-LAX/WN3725,1,40,1,40,1,0,0,SFO,LAX,2024-11-09 19:00:00,2024-11-09 20:40:00,337,MI,1,0,,True
20,15/SFO-LAX/WN3725,1,40,1,40,1,0,0,SFO,LAX,2024-11-10 19:00:00,2024-11-10 20:40:00,337,MI,1,0,,True
20,15/SFO-LAX/WN3725,1,40,1,40,1,0,0,SFO,LAX,2024-11-11 19:00:00,2024-11-11 20:40:00,337,MI,1,0,,True
20,15/SFO-LAX/WN3725,1,40,1,40,1,0,0,SFO,LAX,2024-11-12 19:00:00,2024-11-12 20:40:00,337,MI,1,0,,True
20,15/SFO-LAX/WN3725,1,40,1,40,1,0,0,SFO,LAX,2024-11-13 19:00:00,2024-11-13 20:40:00,337,MI,1,0,,True
20,15/SFO-LAX/WN3725,1,40,1,40,1,0,0,SFO,LAX,2024-11-14 19:00:00,2024-11-14 20:40:00,337,MI,1,0,,True
20,15/SFO-LAX/WN3725,1,40,1,40,1,0,0,SFO,LAX,2024-11-15 19:00:00,2024-11-15 20:40:00,337,MI,1,0,,True
20,15/SFO-LAX/WN3725,1,40,1,40,1,0,0,SFO,LAX,2024-11-16 19:00:00,2024-11-16 20:40:00,337,MI,1,0,,True
20,15/SFO-LAX/WN3725,1,40,1,40,1,0,0,SFO,LAX,2024-11-17 19:00:00,2024-11-17 20:40:00,337,MI,1,0,,True
20,15/SFO-LAX/WN3725,1,40,1,40,1,0,0,SFO,LAX,2024-11-18 19:00:00,2024-11-18 20:40:00,337,MI,1,0,,True
21,15/LAX-MIA/DL3726,5,30,5,30,1,0,0,LAX,MIA,2024-10-16 08:00:00,2024-10-16 13:30:00,2342,MI,1,0,,True
21,15/LAX-MIA/DL3726,5,30,5,30,1,0,0,LAX,MIA,2024-10-17 08:00:00,2024-10-17 13:30:00,2342,MI,1,0,,True
21,15/LAX-MIA/DL3726,5,30,5,30,1,0,0,LAX,MIA,2024-10-18 08:00:00,2024-10-18 13:30:00,2342,MI,1,0,,True
21,15/LAX-MIA/DL3726,5,30,5,30,1,0,0,LAX,MIA,2024-10-19 08:00:00,2024-10-19 13:30:00,2342,MI,1,0,,True
21,15/LAX-MIA/DL3726,5,30,5,30,1,0,0,LAX,MIA,2024-10-20 08:00:00,2024-10-20 13:30:00,2342,MI,1,0,,True
21,15/LAX-MIA/DL3726,5,30,5,30,1,0,0,LAX,MIA,2024-10-21 08:00:00,2024-10-21 13:30:00,2342,MI,1,0,,True
21,15/LAX-MIA/DL3726,5,30,5,30,1,0,0,LAX,MIA,2024-10-22 08:00:00,2024-10-22 13:30:00,2342,MI,1,0,,True
21,15/LAX-MIA/DL3726,5,30,5,30,1,0,0,LAX,MIA,2024-10-23 08:00:00,2024-10-23 13:30:00,2342,MI,1,0,,True
21,15/LAX-MIA/DL3726,5,30,5,30,1,0,0,LAX,MIA,2024-10-24 08:00:00,2024-10-24 13:30:00,2342,MI,1,0,,True
21,15/LAX-MIA/DL3726,5,30,5,30,1,0,0,LAX,MIA,2024-10-25 08:00:00,2024-10-25 13:30:00,2342,MI,1,0,,True
21,15/LAX-MIA/DL3726,5,30,5,30,1,0,0,LAX,MIA,2024-10-26 08:00:00,2024-10-26 13:30:00,2342,MI,1,0,,True
21,15/LAX-MIA/DL3726,5,30,5,30,1,0,0,LAX,MIA,2024-10-27 08:00:00,2024-10-27 13:30:00,2342,MI,1,0,,True
21,15/LAX-MIA/DL3726,5,30,5,30,1,0,0,LAX,MIA,2024-10-28 08:00:00,2024-10-28 13:30:00,2342,MI,1,0,,True
21,15/LAX-MIA/DL3726,5,30,5,30,1,0,0,LAX,MIA,2024-10-29 08:00:00,2024-10-29 13:30:00,2342,MI,1,0,,True
21,15/LAX-MIA/DL3726,5,30,5,30,1,0,0,LAX,MIA,2024-10-30 08:00:00,2024-10-30 13:30:00,2342,MI,1,0,,True
21,15/LAX-MIA/DL3726,5,30,5,30,1,0,0,LAX,MIA,2024-10-31 08:00:00,2024-10-31 13:30:00,2342,MI,1,0,,True
21,15/LAX-MIA/DL3726,5,30,5,30,1,0,0,LAX,MIA,2024-11-01 08:00:00,2024-11-01 13:30:00,2342,MI,1,0,,True
21,15/LAX-MIA/DL3726,5,30,5,30,1,0,0,LAX,MIA,2024-11-02 08:00:00,2024-11-02 13:30:00,2342,MI,1,0,,True
21,15/LAX-MIA/DL3726,5,30,5,30,1,0,0,LAX,MIA,2024-11-03 08:00:00,2024-11-03 13:30:00,2342,MI,1,0,,True
21,15/LAX-MIA/DL3726,5,30,5,30,1,0,0,LAX,MIA,2024-11-04 08:00:00,2024-11-04 13:30:00,2342,MI,1,0,,True
21,15/LAX-MIA/DL3726,5,30,5,30,1,0,0,LAX,MIA,2024-11-05 08:00:00,2024-11-05 13:30:00,2342,MI,1,0,,True
21,15/LAX-MIA/DL3726,5,30,5,30,1,0,0,LAX,MIA,2024-11-06 08:00:00,2024-11-06 13:30:00,2342,MI,1,0,,True
21,15/LAX-MIA/DL3726,5,30,5,30,1,0,0,LAX,MIA,2024-11-07 08:00:00,2024-11-07 13:30:00,2342,MI,1,0,,True
21,15/LAX-MIA/DL3726,5,30,5,30,1,0,0,LAX,MIA,2024-11-08 08:00:00,2024-11-08 13:30:00,2342,MI,1,0,,True
21,15/LAX-MIA/DL3726,5,30,5,30,1,0,0,LAX,MIA,2024-11-09 08:00:00,2024-11-09 13:30:00,2342,MI,1,0,,True
21,15/LAX-MIA/DL3726,5,30,5,30,1,0,0,LAX,MIA,2024-11-10 08:00:00,2024-11-10 13:30:00,2342,MI,1,0,,True
21,15/LAX-MIA/DL3726,5,30,5,30,1,0,0,LAX,MIA,2024-11-11 08:00:00,2024-11-11 13:30:00,2342,MI,1,0,,True
21,15/LAX-MIA/DL3726,5,30,5,30,1,0,0,LAX,MIA,2024-11-12 08:00:00,2024-11-12 13:30:00,2342,MI,1,0,,True
21,15/LAX-MIA/DL3726,5,30,5,30,1,0,0,LAX,MIA,2024-11-13 08:00:00,2024-11-13 13:30:00,2342,MI,1,0,,True
21,15/LAX-MIA/DL3726,5,30,5,30,1,0,0,LAX,MIA,2024-11-14 08:00:00,2024-11-14 13:30:00,2342,MI,1,0,,True
22,15/LAX-MIA/UA3727,5,25,5,25,1,0,0,LAX,MIA,2024-10-16 10:00:00,2024-10-16 15:25:00,2342,MI,1,0,,True
22,15/LAX-MIA/UA3727,5,25,5,25,1,0,0,LAX,MIA,2024-10-17 10:00:00,2024-10-17 15:25:00,2342,MI,1,0,,True
22,15/LAX-MIA/UA3727,5,25,5,25,1,0,0,LAX,MIA,2024-10-18 10:00:00,2024-10-18 15:25:00,2342,MI,1,0,,True
22,15/LAX-MIA/UA3727,5,25,5,25,1,0,0,LAX,MIA,2024-10-19 10:00:00,2024-10-19 15:25:00,2342,MI,1,0,,True
22,15/LAX-MIA/UA3727,5,25,5,25,1,0,0,LAX,MIA,2024-10-20 10:00:00,2024-10-20 15:25:00,2342,MI,1,0,,True
22,15/LAX-MIA/UA3727,5,25,5,25,1,0,0,LAX,MIA,2024-10-21 10:00:00,2024-10-21 15:25:00,2342,MI,1,0,,True
22,15/LAX-MIA/UA3727,5,25,5,25,1,0,0,LAX,MIA,2024-10-22 10:00:00,2024-10-22 15:25:00,2342,MI,1,0,,True
22,15/LAX-MIA/UA3727,5,25,5,25,1,0,0,LAX,MIA,2024-10-23 10:00:00,2024-10-23 15:25:00,2342,MI,1,0,,True
22,15/LAX-MIA/UA3727,5,25,5,25,1,0,0,LAX,MIA,2024-10-24 10:00:00,2024-10-24 15:25:00,2342,MI,1,0,,True
22,15/LAX-MIA/UA3727,5,25,5,25,1,0,0,LAX,MIA,2024-10-25 10:00:00,2024-10-25 15:25:00,2342,MI,1,0,,True
22,15/LAX-MIA/UA3727,5,25,5,25,1,0,0,LAX,MIA,2024-10-26 10:00:00,2024-10-26 15:25:00,2342,MI,1,0,,True
22,15/LAX-MIA/UA3727,5,25,5,25,1,0,0,LAX,MIA,2024-10-27 10:00:00,2024-10-27 15:25:00,2342,MI,1,0,,True
22,15/LAX-MIA/UA3727,5,25,5,25,1,0,0,LAX,MIA,2024-10-28 10:00:00,2024-10-28 15:25:00,2342,MI,1,0,,True
22,15/LAX-MIA/UA3727,5,25,5,25,1,0,0,LAX,MIA,2024-10-29 10:00:00,2024-10-29 15:25:00,2342,MI,1,0,,True
22,15/LAX-MIA/UA3727,5,25,5,25,1,0,0,LAX,MIA,2024-10-30 10:00:00,2024-10-30 15:25:00,2342,MI,1,0,,True
22,15/LAX-MIA/UA3727,5,25,5,25,1,0,0,LAX,MIA,2024-10-31 10:00:00,2024-10-31 15:25:00,2342,MI,1,0,,True
22,15/LAX-MIA/UA3727,5,25,5,25,1,0,0,LAX,MIA,2024-11-01 10:00:00,2024-11-01 15:25:00,2342,MI,1,0,,True
22,15/LAX-MIA/UA3727,5,25,5,25,1,0,0,LAX,MIA,2024-11-02 10:00:00,2024-11-02 15:25:00,2342,MI,1,0,,True
22,15/LAX-MIA/UA3727,5,25,5,25,1,0,0,LAX,MIA,2024-11-03 10:00:00,2024-11-03 15:25:00,2342,MI,1,0,,True
22,15/LAX-MIA/UA3727,5,25,5,25,1,0,0,LAX,MIA,2024-11-04 10:00:00,2024-11-04 15:25:00,2342,MI,1,0,,True
22,15/LAX-MIA/UA3727,5,25,5,25,1,0,0,LAX,MIA,2024-11-05 10:00:00,2024-11-05 15:25:00,2342,MI,1,0,,True
22,15/LAX-MIA/UA3727,5,25,5,25,1,0,0,LAX,MIA,2024-11-06 10:00:00,2024-11-06 15:25:00,2342,MI,1,0,,True
22,15/LAX-MIA/UA3727,5,25,5,25,1,0,0,LAX,MIA,2024-11-07 10:00:00,2024-11-07 15:25:00,2342,MI,1,0,,True
22,15/LAX-MIA/UA3727,5,25,5,25,1,0,0,LAX,MIA,2024-11-08 10:00:00,2024-11-08 15:25:00,2342,MI,1,0,,True
22,15/LAX-MIA/UA3727,5,25,5,25,1,0,0,LAX,MIA,2024-11-09 10:00:00,2024-11-09 15:25:00,2342,MI,1,0,,True
22,15/LAX-MIA/UA3727,5,25,5,25,1,0,0,LAX,MIA,2024-11-10 10:00:00,2024-11-10 15:25:00,2342,MI,1,0,,True
22,15/LAX-MIA/UA3727,5,25,5,25,1,0,0,LAX,MIA,2024-11-11 10:00:00,2024-11-11 15:25:00,2342,MI,1,0,,True
22,15/LAX-MIA/UA3727,5,25,5,25,1,0,0,LAX,MIA,2024-11-12 10:00:00,2024-11-12 15:25:00,2342,MI,1,0,,True
22,15/LAX-MIA/UA3727,5,25,5,25,1,0,0,LAX,MIA,2024-11-13 10:00:00,2024-11-13 15:25:00,2342,MI,1,0,,True
22,15/LAX-MIA/UA3727,5,25,5,25,1,0,0,LAX,MIA,2024-11-14 10:00:00,2024-11-14 15:25:00,2342,MI,1,0,,True
23,15/LAX-MIA/NK3728,5,20,5,20,1,0,0,LAX,MIA,2024-10-16 13:00:00,2024-10-16 18:20:00,2342,MI,1,0,,True
23,15/LAX-MIA/NK3728,5,20,5,20,1,0,0,LAX,MIA,2024-10-17 13:00:00,2024-10-17 18:20:00,2342,MI,1,0,,True
23,15/LAX-MIA/NK3728,5,20,5,20,1,0,0,LAX,MIA,2024-10-18 13:00:00,2024-10-18 18:20:00,2342,MI,1,0,,True
23,15/LAX-MIA/NK3728,5,20,5,20,1,0,0,LAX,MIA,2024-10-19 13:00:00,2024-10-19 18:20:00,2342,MI,1,0,,True
23,15/LAX-MIA/NK3728,5,20,5,20,1,0,0,LAX,MIA,2024-10-20 13:00:00,2024-10-20 18:20:00,2342,MI,1,0,,True
23,15/LAX-MIA/NK3728,5,20,5,20,1,0,0,LAX,MIA,2024-10-21 13:00:00,2024-10-21 18:20:00,2342,MI,1,0,,True
23,15/LAX-MIA/NK3728,5,20,5,20,1,0,0,LAX,MIA,2024-10-22 13:00:00,2024-10-22 18:20:00,2342,MI,1,0,,True
23,15/LAX-MIA/NK3728,5,20,5,20,1,0,0,LAX,MIA,2024-10-23 13:00:00,2024-10-23 18:20:00,2342,MI,1,0,,True
23,15/LAX-MIA/NK3728,5,20,5,20,1,0,0,LAX,MIA,2024-10-24 13:00:00,2024-10-24 18:20:00,2342,MI,1,0,,True
23,15/LAX-MIA/NK3728,5,20,5,20,1,0,0,LAX,MIA,2024-10-25 13:00:00,2024-10-25 18:20:00,2342,MI,1,0,,True
23,15/LAX-MIA/NK3728,5,20,5,20,1,0,0,LAX,MIA,2024-10-26 13:00:00,2024-10-26 18:20:00,2342,MI,1,0,,True
23,15/LAX-MIA/NK3728,5,20,5,20,1,0,0,LAX,MIA,2024-10-27 13:00:00,2024-10-27 18:20:00,2342,MI,1,0,,True
23,15/LAX-MIA/NK3728,5,20,5,20,1,0,0,LAX,MIA,2024-10-28 13:00:00,2024-10-28 18:20:00,2342,MI,1,0,,True
23,15/LAX-MIA/NK3728,5,20,5,20,1,0,0,LAX,MIA,2024-10-29 13:00:00,2024-10-29 18:20:00,2342,MI,1,0,,True
23,15/LAX-MIA/NK3728,5,20,5,20,1,0,0,LAX,MIA,2024-10-30 13:00:00,2024-10-30 18:20:00,2342,MI,1,0,,True
23,15/LAX-MIA/NK3728,5,20,5,20,1,0,0,LAX,MIA,2024-10-31 13:00:00,2024-10-31 18:20:00,2342,MI,1,0,,True
23,15/LAX-MIA/NK3728,5,20,5,20,1,0,0,LAX,MIA,2024-11-01 13:00:00,2024-11-01 18:20:00,2342,MI,1,0,,True
23,15/LAX-MIA/NK3728,5,20,5,20,1,0,0,LAX,MIA,2024-11-02 13:00:00,2024-11-02 18:20:00,2342,MI,1,0,,True
23,15/LAX-MIA/NK3728,5,20,5,20,1,0,0,LAX,MIA,2024-11-03 13:00:00,2024-11-03 18:20:00,2342,MI,1,0,,True
23,15/LAX-MIA/NK3728,5,20,5,20,1,0,0,LAX,MIA,2024-11-04 13:00:00,2024-11-04 18:20:00,2342,MI,1,0,,True
23,15/LAX-MIA/NK3728,5,20,5,20,1,0,0,LAX,MIA,2024-11-05 13:00:00,2024-11-05 18:20:00,2342,MI,1,0,,True
23,15/LAX-MIA/NK3728,5,20,5,20,1,0,0,LAX,MIA,2024-11-06 13:00:00,2024-11-06 18:20:00,2342,MI,1,0,,True
23,15/LAX-MIA/NK3728,5,20,5,20,1,0,0,LAX,MIA,2024-11-07 13:00:00,2024-11-07 18:20:00,2342,MI,1,0,,True
23,15/LAX-MIA/NK3728,5,20,5,20,1,0,0,LAX,MIA,2024-11-08 13:00:00,2024-11-08 18:20:00,2342,MI,1,0,,True
23,15/LAX-MIA/NK3728,5,20,5,20,1,0,0,LAX,MIA,2024-11-09 13:00:00,2024-11-09 18:20:00,2342,MI,1,0,,True
23,15/LAX-MIA/NK3728,5,20,5,20,1,0,0,LAX,MIA,2024-11-10 13:00:00,2024-11-10 18:20:00,2342,MI,1,0,,True
23,15/LAX-MIA/NK3728,5,20,5,20,1,0,0,LAX,MIA,2024-11-11 13:00:00,2024-11-11 18:20:00,2342,MI,1,0,,True
23,15/LAX-MIA/NK3728,5,20,5,20,1,0,0,LAX,MIA,2024-11-12 13:00:00,2024-11-12 18:20:00,2342,MI,1,0,,True
23,15/LAX-MIA/NK3728,5,20,5,20,1,0,0,LAX,MIA,2024-11-13 13:00:00,2024-11-13 18:20:00,2342,MI,1,0,,True
23,15/LAX-MIA/NK3728,5,20,5,20,1,0,0,LAX,MIA,2024-11-14 13:00:00,2024-11-14 18:20:00,2342,MI,1,0,,True
24,15/LAX-MIA/WN3729,5,15,5,15,1,0,1,LAX,MIA,2024-10-17 16:00:00,2024-10-17 22:15:00,2342,MI,1,0,,True
24,15/LAX-MIA/WN3729,5,15,5,15,1,0,1,LAX,MIA,2024-10-18 16:00:00,2024-10-18 22:15:00,2342,MI,1,0,,True
24,15/LAX-MIA/WN3729,5,15,5,15,1,0,1,LAX,MIA,2024-10-19 16:00:00,2024-10-19 22:15:00,2342,MI,1,0,,True
24,15/LAX-MIA/WN3729,5,15,5,15,1,0,1,LAX,MIA,2024-10-20 16:00:00,2024-10-20 22:15:00,2342,MI,1,0,,True
24,15/LAX-MIA/WN3729,5,15,5,15,1,0,1,LAX,MIA,2024-10-21 16:00:00,2024-10-21 22:15:00,2342,MI,1,0,,True
24,15/LAX-MIA/WN3729,5,15,5,15,1,0,1,LAX,MIA,2024-10-22 16:00:00,2024-10-22 22:15:00,2342,MI,1,0,,True
24,15/LAX-MIA/WN3729,5,15,5,15,1,0,1,LAX,MIA,2024-10-23 16:00:00,2024-10-23 22:15:00,2342,MI,1,0,,True
24,15/LAX-MIA/WN3729,5,15,5,15,1,0,1,LAX,MIA,2024-10-24 16:00:00,2024-10-24 22:15:00,2342,MI,1,0,,True
24,15/LAX-MIA/WN3729,5,15,5,15,1,0,1,LAX,MIA,2024-10-25 16:00:00,2024-10-25 22:15:00,2342,MI,1,0,,True
24,15/LAX-MIA/WN3729,5,15,5,15,1,0,1,LAX,MIA,2024-10-26 16:00:00,2024-10-26 22:15:00,2342,MI,1,0,,True
24,15/LAX-MIA/WN3729,5,15,5,15,1,0,1,LAX,MIA,2024-10-27 16:00:00,2024-10-27 22:15:00,2342,MI,1,0,,True
24,15/LAX-MIA/WN3729,5,15,5,15,1,0,1,LAX,MIA,2024-10-28 16:00:00,2024-10-28 22:15:00,2342,MI,1,0,,True
24,15/LAX-MIA/WN3729,5,15,5,15,1,0,1,LAX,MIA,2024-10-29 16:00:00,2024-10-29 22:15:00,2342,MI,1,0,,True
24,15/LAX-MIA/WN3729,5,15,5,15,1,0,1,LAX,MIA,2024-10-30 16:00:00,2024-10-30 22:15:00,2342,MI,1,0,,True
24,15/LAX-MIA/WN3729,5,15,5,15,1,0,1,LAX,MIA,2024-10-31 16:00:00,2024-10-31 22:15:00,2342,MI,1,0,,True
24,15/LAX-MIA/WN3729,5,15,5,15,1,0,1,LAX,MIA,2024-11-01 16:00:00,2024-11-01 22:15:00,2342,MI,1,0,,True
24,15/LAX-MIA/WN3729,5,15,5,15,1,0,1,LAX,MIA,2024-11-02 16:00:00,2024-11-02 22:15:00,2342,MI,1,0,,True
24,15/LAX-MIA/WN3729,5,15,5,15,1,0,1,LAX,MIA,2024-11-03 16:00:00,2024-11-03 22:15:00,2342,MI,1,0,,True
24,15/LAX-MIA/WN3729,5,15,5,15,1,0,1,LAX,MIA,2024-11-04 16:00:00,2024-11-04 22:15:00,2342,MI,1,0,,True
24,15/LAX-MIA/WN3729,5,15,5,15,1,0,1,LAX,MIA,2024-11-05 16:00:00,2024-11-05 22:15:00,2342,MI,1,0,,True
24,15/LAX-MIA/WN3729,5,15,5,15,1,0,1,LAX,MIA,2024-11-06 16:00:00,2024-11-06 22:15:00,2342,MI,1,0,,True
24,15/LAX-MIA/WN3729,5,15,5,15,1,0,1,LAX,MIA,2024-11-07 16:00:00,2024-11-07 22:15:00,2342,MI,1,0,,True
24,15/LAX-MIA/WN3729,5,15,5,15,1,0,1,LAX,MIA,2024-11-08 16:00:00,2024-11-08 22:15:00,2342,MI,1,0,,True
24,15/LAX-MIA/WN3729,5,15,5,15,1,0,1,LAX,MIA,2024-11-09 16:00:00,2024-11-09 22:15:00,2342,MI,1,0,,True
24,15/LAX-MIA/WN3729,5,15,5,15,1,0,1,LAX,MIA,2024-11-10 16:00:00,2024-11-10 22:15:00,2342,MI,1,0,,True
24,15/LAX-MIA/WN3729,5,15,5,15,1,0,1,LAX,MIA,2024-11-11 16:00:00,2024-11-11 22:15:00,2342,MI,1,0,,True
24,15/LAX-MIA/WN3729,5,15,5,15,1,0,1,LAX,MIA,2024-11-12 16:00:00,2024-11-12 22:15:00,2342,MI,1,0,,True
24,15/LAX-MIA/WN3729,5,15,5,15,1,0,1,LAX,MIA,2024-11-13 16:00:00,2024-11-13 22:15:00,2342,MI,1,0,,True
24,15/LAX-MIA/WN3729,5,15,5,15,1,0,1,LAX,MIA,2024-11-14 16:00:00,2024-11-14 22:15:00,2342,MI,1,0,,True
24,15/LAX-MIA/WN3729,5,15,5,15,1,0,1,LAX,MIA,2024-11-15 16:00:00,2024-11-15 22:15:00,2342,MI,1,0,,True
25,15/LAX-MIA/AS3730,5,35,5,35,1,0,0,LAX,MIA,2024-10-17 19:00:00,2024-10-17 23:35:00,2342,MI,1,0,,True
25,15/LAX-MIA/AS3730,5,35,5,35,1,0,0,LAX,MIA,2024-10-18 19:00:00,2024-10-18 23:35:00,2342,MI,1,0,,True
25,15/LAX-MIA/AS3730,5,35,5,35,1,0,0,LAX,MIA,2024-10-19 19:00:00,2024-10-19 23:35:00,2342,MI,1,0,,True
25,15/LAX-MIA/AS3730,5,35,5,35,1,0,0,LAX,MIA,2024-10-20 19:00:00,2024-10-20 23:35:00,2342,MI,1,0,,True
25,15/LAX-MIA/AS3730,5,35,5,35,1,0,0,LAX,MIA,2024-10-21 19:00:00,2024-10-21 23:35:00,2342,MI,1,0,,True
25,15/LAX-MIA/AS3730,5,35,5,35,1,0,0,LAX,MIA,2024-10-22 19:00:00,2024-10-22 23:35:00,2342,MI,1,0,,True
25,15/LAX-MIA/AS3730,5,35,5,35,1,0,0,LAX,MIA,2024-10-23 19:00:00,2024-10-23 23:35:00,2342,MI,1,0,,True
25,15/LAX-MIA/AS3730,5,35,5,35,1,0,0,LAX,MIA,2024-10-24 19:00:00,2024-10-24 23:35:00,2342,MI,1,0,,True
25,15/LAX-MIA/AS3730,5,35,5,35,1,0,0,LAX,MIA,2024-10-25 19:00:00,2024-10-25 23:35:00,2342,MI,1,0,,True
25,15/LAX-MIA/AS3730,5,35,5,35,1,0,0,LAX,MIA,2024-10-26 19:00:00,2024-10-26 23:35:00,2342,MI,1,0,,True
25,15/LAX-MIA/AS3730,5,35,5,35,1,0,0,LAX,MIA,2024-10-27 19:00:00,2024-10-27 23:35:00,2342,MI,1,0,,True
25,15/LAX-MIA/AS3730,5,35,5,35,1,0,0,LAX,MIA,2024-10-28 19:00:00,2024-10-28 23:35:00,2342,MI,1,0,,True
25,15/LAX-MIA/AS3730,5,35,5,35,1,0,0,LAX,MIA,2024-10-29 19:00:00,2024-10-29 23:35:00,2342,MI,1,0,,True
25,15/LAX-MIA/AS3730,5,35,5,35,1,0,0,LAX,MIA,2024-10-30 19:00:00,2024-10-30 23:35:00,2342,MI,1,0,,True
25,15/LAX-MIA/AS3730,5,35,5,35,1,0,0,LAX,MIA,2024-10-31 19:00:00,2024-10-31 23:35:00,2342,MI,1,0,,True
25,15/LAX-MIA/AS3730,5,35,5,35,1,0,0,LAX,MIA,2024-11-01 19:00:00,2024-11-01 23:35:00,2342,MI,1,0,,True
25,15/LAX-MIA/AS3730,5,35,5,35,1,0,0,LAX,MIA,2024-11-02 19:00:00,2024-11-02 23:35:00,2342,MI,1,0,,True
25,15/LAX-MIA/AS3730,5,35,5,35,1,0,0,LAX,MIA,2024-11-03 19:00:00,2024-11-03 23:35:00,2342,MI,1,0,,True
25,15/LAX-MIA/AS3730,5,35,5,35,1,0,0,LAX,MIA,2024-11-04 19:00:00,2024-11-04 23:35:00,2342,MI,1,0,,True
25,15/LAX-MIA/AS3730,5,35,5,35,1,0,0,LAX,MIA,2024-11-05 19:00:00,2024-11-05 23:35:00,2342,MI,1,0,,True
25,15/LAX-MIA/AS3730,5,35,5,35,1,0,0,LAX,MIA,2024-11-06 19:00:00,2024-11-06 23:35:00,2342,MI,1,0,,True
25,15/LAX-MIA/AS3730,5,35,5,35,1,0,0,LAX,MIA,2024-11-07 19:00:00,2024-11-07 23:35:00,2342,MI,1,0,,True
25,15/LAX-MIA/AS3730,5,35,5,35,1,0,0,LAX,MIA,2024-11-08 19:00:00,2024-11-08 23:35:00,2342,MI,1,0,,True
25,15/LAX-MIA/AS3730,5,35,5,35,1,0,0,LAX,MIA,2024-11-09 19:00:00,2024-11-09 23:35:00,2342,MI,1,0,,True
25,15/LAX-MIA/AS3730,5,35,5,35,1,0,0,LAX,MIA,2024-11-10 19:00:00,2024-11-10 23:35:00,2342,MI,1,0,,True
25,15/LAX-MIA/AS3730,5,35,5,35,1,0,0,LAX,MIA,2024-11-11 19:00:00,2024-11-11 23:35:00,2342,MI,1,0,,True
25,15/LAX-MIA/AS3730,5,35,5,35,1,0,0,LAX,MIA,2024-11-12 19:00:00,2024-11-12 23:35:00,2342,MI,1,0,,True
25,15/LAX-MIA/AS3730,5,35,5,35,1,0,0,LAX,MIA,2024-11-13 19:00:00,2024-11-13 23:35:00,2342,MI,1,0,,True
25,15/LAX-MIA/AS3730,5,35,5,35,1,0,0,LAX,MIA,2024-11-14 19:00:00,2024-11-14 23:35:00,2342,MI,1,0,,True
25,15/LAX-MIA/AS3730,5,35,5,35,1,0,0,LAX,MIA,2024-11-15 19:00:00,2024-11-15 23:35:00,2342,MI,1,0,,True
26,15/MIA-LAX/DL3731,5,30,5,30,1,0,0,MIA,LAX,2024-10-20 08:00:00,2024-10-20 13:30:00,2342,MI,1,0,,True
26,15/MIA-LAX/DL3731,5,30,5,30,1,0,0,MIA,LAX,2024-10-21 08:00:00,2024-10-21 13:30:00,2342,MI,1,0,,True
26,15/MIA-LAX/DL3731,5,30,5,30,1,0,0,MIA,LAX,2024-10-22 08:00:00,2024-10-22 13:30:00,2342,MI,1,0,,True
26,15/MIA-LAX/DL3731,5,30,5,30,1,0,0,MIA,LAX,2024-10-23 08:00:00,2024-10-23 13:30:00,2342,MI,1,0,,True
26,15/MIA-LAX/DL3731,5,30,5,30,1,0,0,MIA,LAX,2024-10-24 08:00:00,2024-10-24 13:30:00,2342,MI,1,0,,True
26,15/MIA-LAX/DL3731,5,30,5,30,1,0,0,MIA,LAX,2024-10-25 08:00:00,2024-10-25 13:30:00,2342,MI,1,0,,True
26,15/MIA-LAX/DL3731,5,30,5,30,1,0,0,MIA,LAX,2024-10-26 08:00:00,2024-10-26 13:30:00,2342,MI,1,0,,True
26,15/MIA-LAX/DL3731,5,30,5,30,1,0,0,MIA,LAX,2024-10-27 08:00:00,2024-10-27 13:30:00,2342,MI,1,0,,True
26,15/MIA-LAX/DL3731,5,30,5,30,1,0,0,MIA,LAX,2024-10-28 08:00:00,2024-10-28 13:30:00,2342,MI,1,0,,True
26,15/MIA-LAX/DL3731,5,30,5,30,1,0,0,MIA,LAX,2024-10-29 08:00:00,2024-10-29 13:30:00,2342,MI,1,0,,True
26,15/MIA-LAX/DL3731,5,30,5,30,1,0,0,MIA,LAX,2024-10-30 08:00:00,2024-10-30 13:30:00,2342,MI,1,0,,True
26,15/MIA-LAX/DL3731,5,30,5,30,1,0,0,MIA,LAX,2024-10-31 08:00:00,2024-10-31 13:30:00,2342,MI,1,0,,True
26,15/MIA-LAX/DL3731,5,30,5,30,1,0,0,MIA,LAX,2024-11-01 08:00:00,2024-11-01 13:30:00,2342,MI,1,0,,True
26,15/MIA-LAX/DL3731,5,30,5,30,1,0,0,MIA,LAX,2024-11-02 08:00:00,2024-11-02 13:30:00,2342,MI,1,0,,True
26,15/MIA-LAX/DL3731,5,30,5,30,1,0,0,MIA,LAX,2024-11-03 08:00:00,2024-11-03 13:30:00,2342,MI,1,0,,True
26,15/MIA-LAX/DL3731,5,30,5,30,1,0,0,MIA,LAX,2024-11-04 08:00:00,2024-11-04 13:30:00,2342,MI,1,0,,True
26,15/MIA-LAX/DL3731,5,30,5,30,1,0,0,MIA,LAX,2024-11-05 08:00:00,2024-11-05 13:30:00,2342,MI,1,0,,True
26,15/MIA-LAX/DL3731,5,30,5,30,1,0,0,MIA,LAX,2024-11-06 08:00:00,2024-11-06 13:30:00,2342,MI,1,0,,True
26,15/MIA-LAX/DL3731,5,30,5,30,1,0,0,MIA,LAX,2024-11-07 08:00:00,2024-11-07 13:30:00,2342,MI,1,0,,True
26,15/MIA-LAX/DL3731,5,30,5,30,1,0,0,MIA,LAX,2024-11-08 08:00:00,2024-11-08 13:30:00,2342,MI,1,0,,True
26,15/MIA-LAX/DL3731,5,30,5,30,1,0,0,MIA,LAX,2024-11-09 08:00:00,2024-11-09 13:30:00,2342,MI,1,0,,True
26,15/MIA-LAX/DL3731,5,30,5,30,1,0,0,MIA,LAX,2024-11-10 08:00:00,2024-11-10 13:30:00,2342,MI,1,0,,True
26,15/MIA-LAX/DL3731,5,30,5,30,1,0,0,MIA,LAX,2024-11-11 08:00:00,2024-11-11 13:30:00,2342,MI,1,0,,True
26,15/MIA-LAX/DL3731,5,30,5,30,1,0,0,MIA,LAX,2024-11-12 08:00:00,2024-11-12 13:30:00,2342,MI,1,0,,True
26,15/MIA-LAX/DL3731,5,30,5,30,1,0,0,MIA,LAX,2024-11-13 08:00:00,2024-11-13 13:30:00,2342,MI,1,0,,True
26,15/MIA-LAX/DL3731,5,30,5,30,1,0,0,MIA,LAX,2024-11-14 08:00:00,2024-11-14 13:30:00,2342,MI,1,0,,True
26,15/MIA-LAX/DL3731,5,30,5,30,1,0,0,MIA,LAX,2024-11-15 08:00:00,2024-11-15 13:30:00,2342,MI,1,0,,True
26,15/MIA-LAX/DL3731,5,30,5,30,1,0,0,MIA,LAX,2024-11-16 08:00:00,2024-11-16 13:30:00,2342,MI,1,0,,True
26,15/MIA-LAX/DL3731,5,30,5,30,1,0,0,MIA,LAX,2024-11-17 08:00:00,2024-11-17 13:30:00,2342,MI,1,0,,True
26,15/MIA-LAX/DL3731,5,30,5,30,1,0,0,MIA,LAX,2024-11-18 08:00:00,2024-11-18 13:30:00,2342,MI,1,0,,True
27,15/MIA-LAX/UA3732,5,25,5,25,1,0,1,MIA,LAX,2024-10-20 10:00:00,2024-10-20 16:25:00,2342,MI,1,0,,True
27,15/MIA-LAX/UA3732,5,25,5,25,1,0,1,MIA,LAX,2024-10-21 10:00:00,2024-10-21 16:25:00,2342,MI,1,0,,True
27,15/MIA-LAX/UA3732,5,25,5,25,1,0,1,MIA,LAX,2024-10-22 10:00:00,2024-10-22 16:25:00,2342,MI,1,0,,True
27,15/MIA-LAX/UA3732,5,25,5,25,1,0,1,MIA,LAX,2024-10-23 10:00:00,2024-10-23 16:25:00,2342,MI,1,0,,True
27,15/MIA-LAX/UA3732,5,25,5,25,1,0,1,MIA,LAX,2024-10-24 10:00:00,2024-10-24 16:25:00,2342,MI,1,0,,True
27,15/MIA-LAX/UA3732,5,25,5,25,1,0,1,MIA,LAX,2024-10-25 10:00:00,2024-10-25 16:25:00,2342,MI,1,0,,True
27,15/MIA-LAX/UA3732,5,25,5,25,1,0,1,MIA,LAX,2024-10-26 10:00:00,2024-10-26 16:25:00,2342,MI,1,0,,True
27,15/MIA-LAX/UA3732,5,25,5,25,1,0,1,MIA,LAX,2024-10-27 10:00:00,2024-10-27 16:25:00,2342,MI,1,0,,True
27,15/MIA-LAX/UA3732,5,25,5,25,1,0,1,MIA,LAX,2024-10-28 10:00:00,2024-10-28 16:25:00,2342,MI,1,0,,True
27,15/MIA-LAX/UA3732,5,25,5,25,1,0,1,MIA,LAX,2024-10-29 10:00:00,2024-10-29 16:25:00,2342,MI,1,0,,True
27,15/MIA-LAX/UA3732,5,25,5,25,1,0,1,MIA,LAX,2024-10-30 10:00:00,2024-10-30 16:25:00,2342,MI,1,0,,True
27,15/MIA-LAX/UA3732,5,25,5,25,1,0,1,MIA,LAX,2024-10-31 10:00:00,2024-10-31 16:25:00,2342,MI,1,0,,True
27,15/MIA-LAX/UA3732,5,25,5,25,1,0,1,MIA,LAX,2024-11-01 10:00:00,2024-11-01 16:25:00,2342,MI,1,0,,True
27,15/MIA-LAX/UA3732,5,25,5,25,1,0,1,MIA,LAX,2024-11-02 10:00:00,2024-11-02 16:25:00,2342,MI,1,0,,True
27,15/MIA-LAX/UA3732,5,25,5,25,1,0,1,MIA,LAX,2024-11-03 10:00:00,2024-11-03 16:25:00,2342,MI,1,0,,True
27,15/MIA-LAX/UA3732,5,25,5,25,1,0,1,MIA,LAX,2024-11-04 10:00:00,2024-11-04 16:25:00,2342,MI,1,0,,True
27,15/MIA-LAX/UA3732,5,25,5,25,1,0,1,MIA,LAX,2024-11-05 10:00:00,2024-11-05 16:25:00,2342,MI,1,0,,True
27,15/MIA-LAX/UA3732,5,25,5,25,1,0,1,MIA,LAX,2024-11-06 10:00:00,2024-11-06 16:25:00,2342,MI,1,0,,True
27,15/MIA-LAX/UA3732,5,25,5,25,1,0,1,MIA,LAX,2024-11-07 10:00:00,2024-11-07 16:25:00,2342,MI,1,0,,True
27,15/MIA-LAX/UA3732,5,25,5,25,1,0,1,MIA,LAX,2024-11-08 10:00:00,2024-11-08 16:25:00,2342,MI,1,0,,True
27,15/MIA-LAX/UA3732,5,25,5,25,1,0,1,MIA,LAX,2024-11-09 10:00:00,2024-11-09 16:25:00,2342,MI,1,0,,True
27,15/MIA-LAX/UA3732,5,25,5,25,1,0,1,MIA,LAX,2024-11-10 10:00:00,2024-11-10 16:25:00,2342,MI,1,0,,True
27,15/MIA-LAX/UA3732,5,25,5,25,1,0,1,MIA,LAX,2024-11-11 10:00:00,2024-11-11 16:25:00,2342,MI,1,0,,True
27,15/MIA-LAX/UA3732,5,25,5,25,1,0,1,MIA,LAX,2024-11-12 10:00:00,2024-11-12 16:25:00,2342,MI,1,0,,True
27,15/MIA-LAX/UA3732,5,25,5,25,1,0,1,MIA,LAX,2024-11-13 10:00:00,2024-11-13 16:25:00,2342,MI,1,0,,True
27,15/MIA-LAX/UA3732,5,25,5,25,1,0,1,MIA,LAX,2024-11-14 10:00:00,2024-11-14 16:25:00,2342,MI,1,0,,True
27,15/MIA-LAX/UA3732,5,25,5,25,1,0,1,MIA,LAX,2024-11-15 10:00:00,2024-11-15 16:25:00,2342,MI,1,0,,True
27,15/MIA-LAX/UA3732,5,25,5,25,1,0,1,MIA,LAX,2024-11-16 10:00:00,2024-11-16 16:25:00,2342,MI,1,0,,True
27,15/MIA-LAX/UA3732,5,25,5,25,1,0,1,MIA,LAX,2024-11-17 10:00:00,2024-11-17 16:25:00,2342,MI,1,0,,True
27,15/MIA-LAX/UA3732,5,25,5,25,1,0,1,MIA,LAX,2024-11-18 10:00:00,2024-11-18 16:25:00,2342,MI,1,0,,True
28,15/MIA-LAX/NK3733,5,20,5,20,1,0,0,MIA,LAX,2024-10-20 13:00:00,2024-10-20 18:20:00,2342,MI,1,0,,True
28,15/MIA-LAX/NK3733,5,20,5,20,1,0,0,MIA,LAX,2024-10-21 13:00:00,2024-10-21 18:20:00,2342,MI,1,0,,True
28,15/MIA-LAX/NK3733,5,20,5,20,1,0,0,MIA,LAX,2024-10-22 13:00:00,2024-10-22 18:20:00,2342,MI,1,0,,True
28,15/MIA-LAX/NK3733,5,20,5,20,1,0,0,MIA,LAX,2024-10-23 13:00:00,2024-10-23 18:20:00,2342,MI,1,0,,True
28,15/MIA-LAX/NK3733,5,20,5,20,1,0,0,MIA,LAX,2024-10-24 13:00:00,2024-10-24 18:20:00,2342,MI,1,0,,True
28,15/MIA-LAX/NK3733,5,20,5,20,1,0,0,MIA,LAX,2024-10-25 13:00:00,2024-10-25 18:20:00,2342,MI,1,0,,True
28,15/MIA-LAX/NK3733,5,20,5,20,1,0,0,MIA,LAX,2024-10-26 13:00:00,2024-10-26 18:20:00,2342,MI,1,0,,True
28,15/MIA-LAX/NK3733,5,20,5,20,1,0,0,MIA,LAX,2024-10-27 13:00:00,2024-10-27 18:20:00,2342,MI,1,0,,True
28,15/MIA-LAX/NK3733,5,20,5,20,1,0,0,MIA,LAX,2024-10-28 13:00:00,2024-10-28 18:20:00,2342,MI,1,0,,True
28,15/MIA-LAX/NK3733,5,20,5,20,1,0,0,MIA,LAX,2024-10-29 13:00:00,2024-10-29 18:20:00,2342,MI,1,0,,True
28,15/MIA-LAX/NK3733,5,20,5,20,1,0,0,MIA,LAX,2024-10-30 13:00:00,2024-10-30 18:20:00,2342,MI,1,0,,True
28,15/MIA-LAX/NK3733,5,20,5,20,1,0,0,MIA,LAX,2024-10-31 13:00:00,2024-10-31 18:20:00,2342,MI,1,0,,True
28,15/MIA-LAX/NK3733,5,20,5,20,1,0,0,MIA,LAX,2024-11-01 13:00:00,2024-11-01 18:20:00,2342,MI,1,0,,True
28,15/MIA-LAX/NK3733,5,20,5,20,1,0,0,MIA,LAX,2024-11-02 13:00:00,2024-11-02 18:20:00,2342,MI,1,0,,True
28,15/MIA-LAX/NK3733,5,20,5,20,1,0,0,MIA,LAX,2024-11-03 13:00:00,2024-11-03 18:20:00,2342,MI,1,0,,True
28,15/MIA-LAX/NK3733,5,20,5,20,1,0,0,MIA,LAX,2024-11-04 13:00:00,2024-11-04 18:20:00,2342,MI,1,0,,True
28,15/MIA-LAX/NK3733,5,20,5,20,1,0,0,MIA,LAX,2024-11-05 13:00:00,2024-11-05 18:20:00,2342,MI,1,0,,True
28,15/MIA-LAX/NK3733,5,20,5,20,1,0,0,MIA,LAX,2024-11-06 13:00:00,2024-11-06 18:20:00,2342,MI,1,0,,True
28,15/MIA-LAX/NK3733,5,20,5,20,1,0,0,MIA,LAX,2024-11-07 13:00:00,2024-11-07 18:20:00,2342,MI,1,0,,True
28,15/MIA-LAX/NK3733,5,20,5,20,1,0,0,MIA,LAX,2024-11-08 13:00:00,2024-11-08 18:20:00,2342,MI,1,0,,True
28,15/MIA-LAX/NK3733,5,20,5,20,1,0,0,MIA,LAX,2024-11-09 13:00:00,2024-11-09 18:20:00,2342,MI,1,0,,True
28,15/MIA-LAX/NK3733,5,20,5,20,1,0,0,MIA,LAX,2024-11-10 13:00:00,2024-11-10 18:20:00,2342,MI,1,0,,True
28,15/MIA-LAX/NK3733,5,20,5,20,1,0,0,MIA,LAX,2024-11-11 13:00:00,2024-11-11 18:20:00,2342,MI,1,0,,True
28,15/MIA-LAX/NK3733,5,20,5,20,1,0,0,MIA,LAX,2024-11-12 13:00:00,2024-11-12 18:20:00,2342,MI,1,0,,True
28,15/MIA-LAX/NK3733,5,20,5,20,1,0,0,MIA,LAX,2024-11-13 13:00:00,2024-11-13 18:20:00,2342,MI,1,0,,True
28,15/MIA-LAX/NK3733,5,20,5,20,1,0,0,MIA,LAX,2024-11-14 13:00:00,2024-11-14 18:20:00,2342,MI,1,0,,True
28,15/MIA-LAX/NK3733,5,20,5,20,1,0,0,MIA,LAX,2024-11-15 13:00:00,2024-11-15 18:20:00,2342,MI,1,0,,True
28,15/MIA-LAX/NK3733,5,20,5,20,1,0,0,MIA,LAX,2024-11-16 13:00:00,2024-11-16 18:20:00,2342,MI,1,0,,True
28,15/MIA-LAX/NK3733,5,20,5,20,1,0,0,MIA,LAX,2024-11-17 13:00:00,2024-11-17 18:20:00,2342,MI,1,0,,True
28,15/MIA-LAX/NK3733,5,20,5,20,1,0,0,MIA,LAX,2024-11-18 13:00:00,2024-11-18 18:20:00,2342,MI,1,0,,True
29,15/MIA-LAX/WN3734,5,15,5,15,1,0,2,MIA,LAX,2024-10-22 16:00:00,2024-10-22 23:15:00,2342,MI,1,0,,True
29,15/MIA-LAX/WN3734,5,15,5,15,1,0,2,MIA,LAX,2024-10-23 16:00:00,2024-10-23 23:15:00,2342,MI,1,0,,True
29,15/MIA-LAX/WN3734,5,15,5,15,1,0,2,MIA,LAX,2024-10-24 16:00:00,2024-10-24 23:15:00,2342,MI,1,0,,True
29,15/MIA-LAX/WN3734,5,15,5,15,1,0,2,MIA,LAX,2024-10-25 16:00:00,2024-10-25 23:15:00,2342,MI,1,0,,True
29,15/MIA-LAX/WN3734,5,15,5,15,1,0,2,MIA,LAX,2024-10-26 16:00:00,2024-10-26 23:15:00,2342,MI,1,0,,True
29,15/MIA-LAX/WN3734,5,15,5,15,1,0,2,MIA,LAX,2024-10-27 16:00:00,2024-10-27 23:15:00,2342,MI,1,0,,True
29,15/MIA-LAX/WN3734,5,15,5,15,1,0,2,MIA,LAX,2024-10-28 16:00:00,2024-10-28 23:15:00,2342,MI,1,0,,True
29,15/MIA-LAX/WN3734,5,15,5,15,1,0,2,MIA,LAX,2024-10-29 16:00:00,2024-10-29 23:15:00,2342,MI,1,0,,True
29,15/MIA-LAX/WN3734,5,15,5,15,1,0,2,MIA,LAX,2024-10-30 16:00:00,2024-10-30 23:15:00,2342,MI,1,0,,True
29,15/MIA-LAX/WN3734,5,15,5,15,1,0,2,MIA,LAX,2024-10-31 16:00:00,2024-10-31 23:15:00,2342,MI,1,0,,True
29,15/MIA-LAX/WN3734,5,15,5,15,1,0,2,MIA,LAX,2024-11-01 16:00:00,2024-11-01 23:15:00,2342,MI,1,0,,True
29,15/MIA-LAX/WN3734,5,15,5,15,1,0,2,MIA,LAX,2024-11-02 16:00:00,2024-11-02 23:15:00,2342,MI,1,0,,True
29,15/MIA-LAX/WN3734,5,15,5,15,1,0,2,MIA,LAX,2024-11-03 16:00:00,2024-11-03 23:15:00,2342,MI,1,0,,True
29,15/MIA-LAX/WN3734,5,15,5,15,1,0,2,MIA,LAX,2024-11-04 16:00:00,2024-11-04 23:15:00,2342,MI,1,0,,True
29,15/MIA-LAX/WN3734,5,15,5,15,1,0,2,MIA,LAX,2024-11-05 16:00:00,2024-11-05 23:15:00,2342,MI,1,0,,True
29,15/MIA-LAX/WN3734,5,15,5,15,1,0,2,MIA,LAX,2024-11-06 16:00:00,2024-11-06 23:15:00,2342,MI,1,0,,True
29,15/MIA-LAX/WN3734,5,15,5,15,1,0,2,MIA,LAX,2024-11-07 16:00:00,2024-11-07 23:15:00,2342,MI,1,0,,True
29,15/MIA-LAX/WN3734,5,15,5,15,1,0,2,MIA,LAX,2024-11-08 16:00:00,2024-11-08 23:15:00,2342,MI,1,0,,True
29,15/MIA-LAX/WN3734,5,15,5,15,1,0,2,MIA,LAX,2024-11-09 16:00:00,2024-11-09 23:15:00,2342,MI,1,0,,True
29,15/MIA-LAX/WN3734,5,15,5,15,1,0,2,MIA,LAX,2024-11-10 16:00:00,2024-11-10 23:15:00,2342,MI,1,0,,True
29,15/MIA-LAX/WN3734,5,15,5,15,1,0,2,MIA,LAX,2024-11-11 16:00:00,2024-11-11 23:15:00,2342,MI,1,0,,True
29,15/MIA-LAX/WN3734,5,15,5,15,1,0,2,MIA,LAX,2024-11-12 16:00:00,2024-11-12 23:15:00,2342,MI,1,0,,True
29,15/MIA-LAX/WN3734,5,15,5,15,1,0,2,MIA,LAX,2024-11-13 16:00:00,2024-11-13 23:15:00,2342,MI,1,0,,True
29,15/MIA-LAX/WN3734,5,15,5,15,1,0,2,MIA,LAX,2024-11-14 16:00:00,2024-11-14 23:15:00,2342,MI,1,0,,True
29,15/MIA-LAX/WN3734,5,15,5,15,1,0,2,MIA,LAX,2024-11-15 16:00:00,2024-11-15 23:15:00,2342,MI,1,0,,True
29,15/MIA-LAX/WN3734,5,15,5,15,1,0,2,MIA,LAX,2024-11-16 16:00:00,2024-11-16 23:15:00,2342,MI,1,0,,True
29,15/MIA-LAX/WN3734,5,15,5,15,1,0,2,MIA,LAX,2024-11-17 16:00:00,2024-11-17 23:15:00,2342,MI,1,0,,True
29,15/MIA-LAX/WN3734,5,15,5,15,1,0,2,MIA,LAX,2024-11-18 16:00:00,2024-11-18 23:15:00,2342,MI,1,0,,True
29,15/MIA-LAX/WN3734,5,15,5,15,1,0,2,MIA,LAX,2024-11-19 16:00:00,2024-11-19 23:15:00,2342,MI,1,0,,True
29,15/MIA-LAX/WN3734,5,15,5,15,1,0,2,MIA,LAX,2024-11-20 16:00:00,2024-11-20 23:15:00,2342,MI,1,0,,True
30,15/MIA-LAX/AS3735,5,35,5,35,1,0,0,MIA,LAX,2024-10-22 19:00:00,2024-10-22 23:35:00,2342,MI,1,0,,True
30,15/MIA-LAX/AS3735,5,35,5,35,1,0,0,MIA,LAX,2024-10-23 19:00:00,2024-10-23 23:35:00,2342,MI,1,0,,True
30,15/MIA-LAX/AS3735,5,35,5,35,1,0,0,MIA,LAX,2024-10-24 19:00:00,2024-10-24 23:35:00,2342,MI,1,0,,True
30,15/MIA-LAX/AS3735,5,35,5,35,1,0,0,MIA,LAX,2024-10-25 19:00:00,2024-10-25 23:35:00,2342,MI,1,0,,True
30,15/MIA-LAX/AS3735,5,35,5,35,1,0,0,MIA,LAX,2024-10-26 19:00:00,2024-10-26 23:35:00,2342,MI,1,0,,True
30,15/MIA-LAX/AS3735,5,35,5,35,1,0,0,MIA,LAX,2024-10-27 19:00:00,2024-10-27 23:35:00,2342,MI,1,0,,True
30,15/MIA-LAX/AS3735,5,35,5,35,1,0,0,MIA,LAX,2024-10-28 19:00:00,2024-10-28 23:35:00,2342,MI,1,0,,True
30,15/MIA-LAX/AS3735,5,35,5,35,1,0,0,MIA,LAX,2024-10-29 19:00:00,2024-10-29 23:35:00,2342,MI,1,0,,True
30,15/MIA-LAX/AS3735,5,35,5,35,1,0,0,MIA,LAX,2024-10-30 19:00:00,2024-10-30 23:35:00,2342,MI,1,0,,True
30,15/MIA-LAX/AS3735,5,35,5,35,1,0,0,MIA,LAX,2024-10-31 19:00:00,2024-10-31 23:35:00,2342,MI,1,0,,True
30,15/MIA-LAX/AS3735,5,35,5,35,1,0,0,MIA,LAX,2024-11-01 19:00:00,2024-11-01 23:35:00,2342,MI,1,0,,True
30,15/MIA-LAX/AS3735,5,35,5,35,1,0,0,MIA,LAX,2024-11-02 19:00:00,2024-11-02 23:35:00,2342,MI,1,0,,True
30,15/MIA-LAX/AS3735,5,35,5,35,1,0,0,MIA,LAX,2024-11-03 19:00:00,2024-11-03 23:35:00,2342,MI,1,0,,True
30,15/MIA-LAX/AS3735,5,35,5,35,1,0,0,MIA,LAX,2024-11-04 19:00:00,2024-11-04 23:35:00,2342,MI,1,0,,True
30,15/MIA-LAX/AS3735,5,35,5,35,1,0,0,MIA,LAX,2024-11-05 19:00:00,2024-11-05 23:35:00,2342,MI,1,0,,True
30,15/MIA-LAX/AS3735,5,35,5,35,1,0,0,MIA,LAX,2024-11-06 19:00:00,2024-11-06 23:35:00,2342,MI,1,0,,True
30,15/MIA-LAX/AS3735,5,35,5,35,1,0,0,MIA,LAX,2024-11-07 19:00:00,2024-11-07 23:35:00,2342,MI,1,0,,True
30,15/MIA-LAX/AS3735,5,35,5,35,1,0,0,MIA,LAX,2024-11-08 19:00:00,2024-11-08 23:35:00,2342,MI,1,0,,True
30,15/MIA-LAX/AS3735,5,35,5,35,1,0,0,MIA,LAX,2024-11-09 19:00:00,2024-11-09 23:35:00,2342,MI,1,0,,True
30,15/MIA-LAX/AS3735,5,35,5,35,1,0,0,MIA,LAX,2024-11-10 19:00:00,2024-11-10 23:35:00,2342,MI,1,0,,True
30,15/MIA-LAX/AS3735,5,35,5,35,1,0,0,MIA,LAX,2024-11-11 19:00:00,2024-11-11 23:35:00,2342,MI,1,0,,True
30,15/MIA-LAX/AS3735,5,35,5,35,1,0,0,MIA,LAX,2024-11-12 19:00:00,2024-11-12 23:35:00,2342,MI,1,0,,True
30,15/MIA-LAX/AS3735,5,35,5,35,1,0,0,MIA,LAX,2024-11-13 19:00:00,2024-11-13 23:35:00,2342,MI,1,0,,True
30,15/MIA-LAX/AS3735,5,35,5,35,1,0,0,MIA,LAX,2024-11-14 19:00:00,2024-11-14 23:35:00,2342,MI,1,0,,True
30,15/MIA-LAX/AS3735,5,35,5,35,1,0,0,MIA,LAX,2024-11-15 19:00:00,2024-11-15 23:35:00,2342,MI,1,0,,True
30,15/MIA-LAX/AS3735,5,35,5,35,1,0,0,MIA,LAX,2024-11-16 19:00:00,2024-11-16 23:35:00,2342,MI,1,0,,True
30,15/MIA-LAX/AS3735,5,35,5,35,1,0,0,MIA,LAX,2024-11-17 19:00:00,2024-11-17 23:35:00,2342,MI,1,0,,True
30,15/MIA-LAX/AS3735,5,35,5,35,1,0,0,MIA,LAX,2024-11-18 19:00:00,2024-11-18 23:35:00,2342,MI,1,0,,True
30,15/MIA-LAX/AS3735,5,35,5,35,1,0,0,MIA,LAX,2024-11-19 19:00:00,2024-11-19 23:35:00,2342,MI,1,0,,True
30,15/MIA-LAX/AS3735,5,35,5,35,1,0,0,MIA,LAX,2024-11-20 19:00:00,2024-11-20 23:35:00,2342,MI,1,0,,True
